[
  {
    "type": "multiple",
    "difficulty": "easy",
    "category": "Entertainment: Cartoon &amp; Animations",
    "question": "Which of these is NOT a catchphrase used by Rick Sanchez in the TV show &quot;Rick and Morty&quot;?",
    "correct_answer": "Slam dunk, nothing but net!",
    "incorrect_answers": [
      "Hit the sack, Jack!",
      "Rikki-Tikki-Tavi, biatch!",
      "Wubba-lubba-dub-dub!"
    ]
  },
  {
    "type": "multiple",
    "difficulty": "easy",
    "category": "Entertainment: Cartoon &amp; Animations",
    "question": "Wendy O. Koopa appeared in the Super Mario DIC Cartoons, but what was she known as?",
    "correct_answer": "Kootie Pie",
    "incorrect_answers": ["Sweetie Pie", "Wendy Pie", "Honey Pie"]
  },
  {
    "type": "boolean",
    "difficulty": "medium",
    "category": "Entertainment: Cartoon &amp; Animations",
    "question": "Nickelodeon rejected the pilot to Adventure Time.",
    "correct_answer": "True",
    "incorrect_answers": ["False"]
  },
  {
    "type": "multiple",
    "difficulty": "hard",
    "category": "Entertainment: Cartoon &amp; Animations",
    "question": "In the 1968 Cartoon Show &quot;Wacky Races&quot; what was the name of cavemen duo who rode in The Boulder Mobile?",
    "correct_answer": "The Slag Brothers",
    "incorrect_answers": [
      "The Slate Brothers",
      "The Rock Brothers",
      "The Stone Brothers"
    ]
  },
  {
    "type": "multiple",
    "difficulty": "hard",
    "category": "Entertainment: Cartoon &amp; Animations",
    "question": "In the 1969 Cartoon show &quot;Dastardly and Muttley in Their Flying Machines&quot;, which were NOT one of the lyrics in the opening theme?",
    "correct_answer": "Stab him",
    "incorrect_answers": ["Nab him", "Jab him", "Tab him"]
  },
  {
    "type": "multiple",
    "difficulty": "easy",
    "category": "Entertainment: Cartoon &amp; Animations",
    "question": "What is Everest&#039;s favorite food in the Nickelodeon/Nick Jr. series &quot;PAW Patrol&quot;?",
    "correct_answer": "Liver",
    "incorrect_answers": ["Chicken", "Steak", "Caribou"]
  },
  {
    "type": "boolean",
    "difficulty": "medium",
    "category": "Entertainment: Cartoon &amp; Animations",
    "question": "In &quot;Avatar: The Last Airbender&quot; and &quot;The Legend of Korra&quot;, Lavabending is a specialized bending technique of Firebending.",
    "correct_answer": "False",
    "incorrect_answers": ["True"]
  },
  {
    "type": "multiple",
    "difficulty": "medium",
    "category": "Entertainment: Cartoon &amp; Animations",
    "question": "What Cartoon Network show aired its first episode on November 4th, 2013?",
    "correct_answer": "Steven Universe",
    "incorrect_answers": [
      "Regular Show",
      "Adventure Time",
      "The Amazing World of Gumball"
    ]
  },
  {
    "type": "multiple",
    "difficulty": "medium",
    "category": "Entertainment: Cartoon &amp; Animations",
    "question": "Which one of these cartoon characters is NOT voiced by Rob Paulsen?",
    "correct_answer": "Max Tennyson (Ben 10)",
    "incorrect_answers": [
      "Carl Wheezer (Jimmy Neutron)",
      "Yakko Warner (Animaniacs)",
      "The Mask (The Mask, TV Series)"
    ]
  },
  {
    "type": "multiple",
    "difficulty": "medium",
    "category": "Entertainment: Cartoon &amp; Animations",
    "question": "What is the name of Ruby Rose&#039;s weapon from RWBY?",
    "correct_answer": "Crescent Rose",
    "incorrect_answers": ["Thorned Rosebud", "Magnhild", "Crooked Scythe"]
  },
  {
    "type": "multiple",
    "difficulty": "easy",
    "category": "Entertainment: Cartoon &amp; Animations",
    "question": "In the 1993 Disney animated series &quot;Bonkers&quot;, what is the name of Bonker&#039;s second partner?",
    "correct_answer": "Miranda Wright",
    "incorrect_answers": ["Dick Tracy", "Eddie Valiant", "Dr. Ludwig von Drake"]
  },
  {
    "type": "multiple",
    "difficulty": "hard",
    "category": "Entertainment: Cartoon &amp; Animations",
    "question": "In &quot;Rick and Morty&quot;, from which dimension do Rick and Morty originate from?",
    "correct_answer": "C-137",
    "incorrect_answers": ["J1977", "C-136", "C500-a"]
  },
  {
    "type": "multiple",
    "difficulty": "medium",
    "category": "Entertainment: Cartoon &amp; Animations",
    "question": "Who is the &quot;dumb blonde&quot; character in Nickelodeon&#039;s &quot;The Loud House&quot;?",
    "correct_answer": "Leni",
    "incorrect_answers": ["Luan", "Luna", "Lincoln"]
  },
  {
    "type": "multiple",
    "difficulty": "medium",
    "category": "Entertainment: Cartoon &amp; Animations",
    "question": "When did the last episode of &quot;Futurama&quot; air before returning in 2023?",
    "correct_answer": "September 4, 2013",
    "incorrect_answers": [
      "December 25, 2010",
      "March 28, 1999",
      "November 4, 2021"
    ]
  },
  {
    "type": "multiple",
    "difficulty": "easy",
    "category": "Entertainment: Cartoon &amp; Animations",
    "question": "In the show &quot;Foster&#039;s Home For Imaginary Friends&quot;, which character had an obsession with basketball?",
    "correct_answer": "Wilt",
    "incorrect_answers": ["Coco", "Mac", "Cheese"]
  },
  {
    "type": "multiple",
    "difficulty": "hard",
    "category": "Entertainment: Cartoon &amp; Animations",
    "question": "Which of the following films was Don Bluth both the writer, director, and producer for?",
    "correct_answer": "All Dogs Go To Heaven",
    "incorrect_answers": ["Titan A.E.", "Anastasia", "The Land Before Time"]
  },
  {
    "type": "boolean",
    "difficulty": "medium",
    "category": "Entertainment: Cartoon &amp; Animations",
    "question": "Nutcracker Suite was one of the musical pieces featured in Disney&#039;s 1940&#039;s film Fantasia.",
    "correct_answer": "True",
    "incorrect_answers": ["False"]
  },
  {
    "type": "multiple",
    "difficulty": "easy",
    "category": "Entertainment: Cartoon &amp; Animations",
    "question": "In the Pixar film, &quot;Toy Story&quot; what was the name of the child who owned the toys?",
    "correct_answer": "Andy",
    "incorrect_answers": ["Edward", "Danny", "Matt"]
  },
  {
    "type": "multiple",
    "difficulty": "medium",
    "category": "Entertainment: Cartoon &amp; Animations",
    "question": "Which Sanrio character was introduced in 1996?",
    "correct_answer": "Pompompurin",
    "incorrect_answers": ["My Melody", "Badtz-Maru", "Kerropi"]
  },
  {
    "type": "multiple",
    "difficulty": "medium",
    "category": "Entertainment: Cartoon &amp; Animations",
    "question": "What ability does Princess Sofia the First have from her amulet that allows her to breathe underwater?",
    "correct_answer": "Mermaid Transformation",
    "incorrect_answers": ["Artificial Gills", "Bubble Head", "Bubble Shield"]
  },
  {
    "type": "multiple",
    "difficulty": "easy",
    "category": "Entertainment: Cartoon &amp; Animations",
    "question": "Butters Stotch, Pip Pirrup, and Wendy Testaburger are all characters in which long running animated TV series?",
    "correct_answer": "South Park",
    "incorrect_answers": ["The Simpsons", "Family Guy", "Bob&#039;s Burgers"]
  },
  {
    "type": "multiple",
    "difficulty": "hard",
    "category": "Entertainment: Cartoon &amp; Animations",
    "question": "What was Maggie Simpson&#039;s first canonical word, not including the Tracey Ullman shorts?",
    "correct_answer": "Daddy.",
    "incorrect_answers": ["Sequel?", "Ja!", "Rusty!"]
  },
  {
    "type": "multiple",
    "difficulty": "easy",
    "category": "Entertainment: Cartoon &amp; Animations",
    "question": "Who created the Cartoon Network series &quot;Regular Show&quot;?",
    "correct_answer": "J. G. Quintel",
    "incorrect_answers": ["Ben Bocquelet", "Pendleton Ward", "Rebecca Sugar"]
  },
  {
    "type": "multiple",
    "difficulty": "medium",
    "category": "Entertainment: Cartoon &amp; Animations",
    "question": "What is the standard frame rate for animation?",
    "correct_answer": "24 FPS",
    "incorrect_answers": ["12 FPS", "30 FPS", "60 FPS"]
  },
  {
    "type": "multiple",
    "difficulty": "medium",
    "category": "Entertainment: Cartoon &amp; Animations",
    "question": "Which city did Anger berate for ruining pizza in &quot;Inside Out&quot;?",
    "correct_answer": "San Francisco",
    "incorrect_answers": ["Minnesota", "Washington", "California"]
  },
  {
    "type": "multiple",
    "difficulty": "easy",
    "category": "Entertainment: Cartoon &amp; Animations",
    "question": "In &quot;Avatar: The Last Airbender&quot;, which element does Aang begin to learn after being defrosted?",
    "correct_answer": "Water",
    "incorrect_answers": ["Air", "Earth", "Fire"]
  },
  {
    "type": "multiple",
    "difficulty": "medium",
    "category": "Entertainment: Cartoon &amp; Animations",
    "question": "In the show &quot;Fat Albert and the Cosby Kids&quot;, what is the name of the characters&#039; fictional gang?",
    "correct_answer": "The Junkyard Gang",
    "incorrect_answers": [
      "The Trash Troupe",
      "The Scrapyard Seven",
      "The Rotten Posse"
    ]
  },
  {
    "type": "multiple",
    "difficulty": "hard",
    "category": "Entertainment: Cartoon &amp; Animations",
    "question": "Who voice acted the character Hiccup in the movie &quot;How to Train Your Dragon&quot;?",
    "correct_answer": "Jay Baruchel",
    "incorrect_answers": ["Jack Brauchel", "John Powell", "Gerard Butler"]
  },
  {
    "type": "boolean",
    "difficulty": "medium",
    "category": "Entertainment: Cartoon &amp; Animations",
    "question": "Snagglepuss was part of the Yogi Yahooies in the 1977 show Scooby&#039;s All-Star Laff-a-Lympics.",
    "correct_answer": "False",
    "incorrect_answers": ["True"]
  },
  {
    "type": "multiple",
    "difficulty": "easy",
    "category": "Entertainment: Cartoon &amp; Animations",
    "question": "The song &#039;Little April Shower&#039; features in which Disney cartoon film?",
    "correct_answer": "Bambi",
    "incorrect_answers": ["Cinderella", "Pinocchio", "The Jungle Book"]
  },
  {
    "type": "multiple",
    "difficulty": "medium",
    "category": "Entertainment: Cartoon &amp; Animations",
    "question": "What is Scooby-Doo&#039;s real name?",
    "correct_answer": "Scoobert",
    "incorrect_answers": ["Scooter", "Scrappy", "Shooby"]
  },
  {
    "type": "multiple",
    "difficulty": "easy",
    "category": "Entertainment: Cartoon &amp; Animations",
    "question": "Who created the Cartoon Network series &quot;Adventure Time&quot;?",
    "correct_answer": "Pendleton Ward",
    "incorrect_answers": ["J. G. Quintel", "Ben Bocquelet", "Rebecca Sugar"]
  },
  {
    "type": "multiple",
    "difficulty": "easy",
    "category": "Entertainment: Cartoon &amp; Animations",
    "question": "In the show &quot;Steven Universe&quot;, who are the main two employees of The Big Donut?",
    "correct_answer": "Sadie and Lars",
    "incorrect_answers": ["Steven and James", "Erik and Julie", "Bob and May"]
  },
  {
    "type": "multiple",
    "difficulty": "medium",
    "category": "Entertainment: Cartoon &amp; Animations",
    "question": "What animated internet character is known to answer emails with his boxing gloves?",
    "correct_answer": "Strong Bad",
    "incorrect_answers": ["Strong Sad", "Strong Mad", "Strong Glad"]
  },
  {
    "type": "multiple",
    "difficulty": "easy",
    "category": "Entertainment: Cartoon &amp; Animations",
    "question": "In South Park, what is Stan&#039;s surname?",
    "correct_answer": "Marsh",
    "incorrect_answers": ["Stotch", "Broflovski", "Tweak"]
  },
  {
    "type": "multiple",
    "difficulty": "easy",
    "category": "Entertainment: Cartoon &amp; Animations",
    "question": "What is lost in Hawaiian and is also the name of a little girl in a 2002 film which features a alien named &quot;Stitch&quot;?",
    "correct_answer": "Lilo",
    "incorrect_answers": ["Lolo", "Lucy", "Lulu"]
  },
  {
    "type": "multiple",
    "difficulty": "easy",
    "category": "Entertainment: Cartoon &amp; Animations",
    "question": "Which of these characters live in a pineapple under the sea in the cartoon &quot;SpongeBob SquarePants&quot;.",
    "correct_answer": "SpongeBob SquarePants ",
    "incorrect_answers": ["Patrick Star", "Squidward Tentacles", "Mr. Krabs"]
  },
  {
    "type": "multiple",
    "difficulty": "hard",
    "category": "Entertainment: Cartoon &amp; Animations",
    "question": "In &quot;Gravity Falls&quot;, what does Quentin Trembley do when he is driven out from the White House?",
    "correct_answer": "Eat a salamander and jump out the window.",
    "incorrect_answers": [
      "Leave in peace.",
      "Jump out the window.",
      "Release 1,000 captive salamanders into the white house."
    ]
  },
  {
    "type": "multiple",
    "difficulty": "easy",
    "category": "Entertainment: Cartoon &amp; Animations",
    "question": "Which of the following is not a Flintstones character?",
    "correct_answer": "Lord Rockingham IX",
    "incorrect_answers": ["Rockhead Slate", "The Great Gazoo", "Barney Rubble"]
  },
  {
    "type": "multiple",
    "difficulty": "hard",
    "category": "Entertainment: Cartoon &amp; Animations",
    "question": "In &quot;Gravity Falls&quot;, the character Bill Cipher remarks that &quot;the universe is what?&quot;",
    "correct_answer": "A hologram ",
    "incorrect_answers": ["An illusion ", "A simulation", "Corrupting"]
  },
  {
    "type": "multiple",
    "difficulty": "easy",
    "category": "Entertainment: Cartoon &amp; Animations",
    "question": "Which Teenage Mutant Ninja Turtle traditionally wears an orange bandana?",
    "correct_answer": "Michelangelo",
    "incorrect_answers": ["Leonardo", "Donatello", "Raphael"]
  },
  {
    "type": "boolean",
    "difficulty": "easy",
    "category": "Entertainment: Cartoon &amp; Animations",
    "question": "Waylon Smithers from &quot;The Simpsons&quot; was originally black when he first appeared in the series.",
    "correct_answer": "True",
    "incorrect_answers": ["False"]
  },
  {
    "type": "boolean",
    "difficulty": "easy",
    "category": "Entertainment: Cartoon &amp; Animations",
    "question": "Bill Cipher in the show &quot;Gravity Falls&quot; is the good guy.",
    "correct_answer": "False",
    "incorrect_answers": ["True"]
  },
  {
    "type": "multiple",
    "difficulty": "medium",
    "category": "Entertainment: Cartoon &amp; Animations",
    "question": "In &quot;SpongeBob SquarePants&quot;, what is the name of Sandy Cheek&#039;s place of residence?",
    "correct_answer": "Sandy&#039;s Treedome",
    "incorrect_answers": [
      "&quot;The Dome&quot;",
      "Sandy&#039;s Bubble",
      "Auquatic Reseach Centre"
    ]
  },
  {
    "type": "multiple",
    "difficulty": "medium",
    "category": "Entertainment: Cartoon &amp; Animations",
    "question": "What is the name of the Alligator that The Simpsons &quot;killed&quot; in the episode &quot;Kill The Alligator and Run&quot;?",
    "correct_answer": "Captain Jack",
    "incorrect_answers": ["Captain Jake", "Captain Hector", "Captain Flynn"]
  },
  {
    "type": "multiple",
    "difficulty": "hard",
    "category": "Entertainment: Cartoon &amp; Animations",
    "question": "In the web-comic Homestuck, what is the name of the game the 4 kids play?",
    "correct_answer": "Sburb",
    "incorrect_answers": ["Homesick", "Husslie", "Hiveswap"]
  },
  {
    "type": "multiple",
    "difficulty": "medium",
    "category": "Entertainment: Cartoon &amp; Animations",
    "question": "What is the name of Sid&#039;s dog in &quot;Toy Story&quot;?",
    "correct_answer": "Scud",
    "incorrect_answers": ["Buster", "Whiskers", "Mr. Jones"]
  },
  {
    "type": "multiple",
    "difficulty": "medium",
    "category": "Entertainment: Cartoon &amp; Animations",
    "question": "Who voiced Finn in Adventure Time?",
    "correct_answer": "Jeremy Shada",
    "incorrect_answers": ["Nolan North", "John DiMaggio", "Tom Kenny"]
  },
  {
    "type": "multiple",
    "difficulty": "easy",
    "category": "Entertainment: Cartoon &amp; Animations",
    "question": "What was the name of the sea witch in the 1989 Disney film &quot;The Little Mermaid&quot;?",
    "correct_answer": "Ursula",
    "incorrect_answers": ["Madam Mim", "Maleficent", "Lady Tremaine"]
  },
  {
    "type": "multiple",
    "difficulty": "easy",
    "category": "Entertainment: Cartoon &amp; Animations",
    "question": "Which of the following did not feature in the cartoon &#039;Wacky Races&#039;?",
    "correct_answer": "The Dragon Wagon",
    "incorrect_answers": [
      "The Bouldermobile",
      "The Crimson Haybailer",
      "The Compact Pussycat"
    ]
  }
]
