[
  {
    "type": "boolean",
    "difficulty": "hard",
    "category": "Entertainment: Film",
    "question": "The weapon Clint Eastwood uses in &quot;Dirty Harry&quot; was a .44 Automag.",
    "correct_answer": "False",
    "incorrect_answers": ["True"]
  },
  {
    "type": "multiple",
    "difficulty": "easy",
    "category": "Entertainment: Film",
    "question": "In the movie &quot;V for Vendetta,&quot; what is the date that masked vigilante &quot;V&quot; urges people to remember?",
    "correct_answer": "November 5th",
    "incorrect_answers": ["November 6th", "November 4th", "September 5th"]
  },
  {
    "type": "multiple",
    "difficulty": "medium",
    "category": "Entertainment: Film",
    "question": "What type of cheese, loved by Wallace and Gromit, had it&#039;s sale prices rise after their successful short films?",
    "correct_answer": "Wensleydale",
    "incorrect_answers": ["Cheddar", "Moon Cheese", "Edam"]
  },
  {
    "type": "multiple",
    "difficulty": "medium",
    "category": "Entertainment: Film",
    "question": "Which one of these films are shot entirely in one-take?",
    "correct_answer": "Russian Ark",
    "incorrect_answers": [
      "Good Will Hunting",
      "Birdman",
      "Schindler&#039;s List"
    ]
  },
  {
    "type": "multiple",
    "difficulty": "easy",
    "category": "Entertainment: Film",
    "question": "Who starred as Bruce Wayne and Batman in Tim Burton&#039;s 1989 movie &quot;Batman&quot;?",
    "correct_answer": "Michael Keaton",
    "incorrect_answers": ["George Clooney", "Val Kilmer", "Adam West"]
  },
  {
    "type": "multiple",
    "difficulty": "medium",
    "category": "Entertainment: Film",
    "question": "Which actor plays the role of the main antagonist in the 2011 movie &quot;Tower Heist?&quot;",
    "correct_answer": "Alan Alda",
    "incorrect_answers": ["Eddie Murphy", "Alec Baldwin", "Kevin Nealon"]
  },
  {
    "type": "multiple",
    "difficulty": "easy",
    "category": "Entertainment: Film",
    "question": "The 1996 film &#039;Fargo&#039; is primarily set in which US state?",
    "correct_answer": "Minnesota",
    "incorrect_answers": ["North Dakota", "South Dakota", "Wisconsin"]
  },
  {
    "type": "multiple",
    "difficulty": "medium",
    "category": "Entertainment: Film",
    "question": "Which 90&#039;s comedy cult classic features cameos appearances from Meat Loaf, Alice Cooper and Chris Farley?",
    "correct_answer": "Wayne&#039;s World",
    "incorrect_answers": [
      "Bill &amp; Ted&#039;s Excellent Adventure",
      "Dumb and Dumber",
      "Austin Powers: International Man of Mystery"
    ]
  },
  {
    "type": "multiple",
    "difficulty": "medium",
    "category": "Entertainment: Film",
    "question": "Which former Star Trek actor directed Three Men and a Baby (1987)?",
    "correct_answer": "Leonard Nimoy",
    "incorrect_answers": ["William Shatner", "George Takei", "James Doohan"]
  },
  {
    "type": "multiple",
    "difficulty": "hard",
    "category": "Entertainment: Film",
    "question": "According to &quot;Star Wars&quot; lore, which planet does Obi-Wan Kenobi come from?",
    "correct_answer": "Stewjon",
    "incorrect_answers": ["Alderaan", "Tatooine", "Naboo"]
  },
  {
    "type": "multiple",
    "difficulty": "easy",
    "category": "Entertainment: Film",
    "question": "In &quot;ALF&quot;, what was ALF&#039;s real name?",
    "correct_answer": "Gordon Shumway",
    "incorrect_answers": ["Gordon Milipp", "Gordon Foster", "Gordon von Gam"]
  },
  {
    "type": "multiple",
    "difficulty": "medium",
    "category": "Entertainment: Film",
    "question": "Who provided a majority of the songs and lyrics for &quot;Spirit: Stallion of the Cimarron&quot;?",
    "correct_answer": "Bryan Adams",
    "incorrect_answers": ["Smash Mouth", "Oasis", "Air Supply"]
  },
  {
    "type": "multiple",
    "difficulty": "easy",
    "category": "Entertainment: Film",
    "question": "&quot;The first rule is: you don&#039;t talk about it&quot; is a reference to which movie?",
    "correct_answer": "Fight Club",
    "incorrect_answers": ["The Island", "Unthinkable", "American Pie"]
  },
  {
    "type": "multiple",
    "difficulty": "medium",
    "category": "Entertainment: Film",
    "question": "Which retired American football quarterback played himself in &#039;Ace Ventura: Pet Detective&#039; and &#039;Little Nicky&#039;?",
    "correct_answer": "Dan Marino",
    "incorrect_answers": ["John Elway", "Tom Brady", "Joe Montana"]
  },
  {
    "type": "multiple",
    "difficulty": "easy",
    "category": "Entertainment: Film",
    "question": "In &quot;Jurassic World&quot;, what is the name of the dinosaur that is a genetic hybrid?",
    "correct_answer": "Indominus Rex",
    "incorrect_answers": ["Mosasaurus", "Pteranodon", "Tyrannosaurus Rex "]
  },
  {
    "type": "multiple",
    "difficulty": "medium",
    "category": "Entertainment: Film",
    "question": "In the 1979 British film &quot;Quadrophenia&quot; what is the name of the main protagonist?",
    "correct_answer": "Jimmy Cooper",
    "incorrect_answers": ["Pete Townshend", "Franc Roddam", "Archie Bunker"]
  },
  {
    "type": "multiple",
    "difficulty": "medium",
    "category": "Entertainment: Film",
    "question": "In Mulan (1998), who is the leader of the Huns?",
    "correct_answer": "Shan Yu",
    "incorrect_answers": ["Chien-Po", "Li Shang", "Fa Zhou"]
  },
  {
    "type": "multiple",
    "difficulty": "easy",
    "category": "Entertainment: Film",
    "question": "Which of the following movies was not based on a novel by Stephen King? ",
    "correct_answer": "The Thing",
    "incorrect_answers": ["Carrie", "Misery", "The Green Mile"]
  },
  {
    "type": "multiple",
    "difficulty": "easy",
    "category": "Entertainment: Film",
    "question": "Who plays Alice in the Resident Evil movies?",
    "correct_answer": "Milla Jovovich",
    "incorrect_answers": ["Madison Derpe", "Milla Johnson", "Kim Demp"]
  },
  {
    "type": "multiple",
    "difficulty": "medium",
    "category": "Entertainment: Film",
    "question": "Who plays the Nemesis in the Resident Evil movies?",
    "correct_answer": "Matthew Taylor",
    "incorrect_answers": ["Jason Dip", "Eric Mabius", "Jimmy Matts"]
  },
  {
    "type": "multiple",
    "difficulty": "hard",
    "category": "Entertainment: Film",
    "question": "What was the name of the actor who played Leatherface in the 1974 horror film, The Texas Chainsaw Massacre?",
    "correct_answer": "Gunnar Hansen",
    "incorrect_answers": ["Edwin Neal", "John Dugan", "Joe Bill Hogan"]
  },
  {
    "type": "multiple",
    "difficulty": "medium",
    "category": "Entertainment: Film",
    "question": "In Star Wars, what&#039;s the name of the new Government created after the defeat of the Galactic Empire?",
    "correct_answer": "The New Republic",
    "incorrect_answers": [
      "The Rebel Alliance",
      "The Crimson Dawn",
      "The First Order"
    ]
  },
  {
    "type": "multiple",
    "difficulty": "medium",
    "category": "Entertainment: Film",
    "question": "What is the name of the villian in the 2015 Russian-American Sci-Fi Movie &quot;Hardcore Henry&quot;?",
    "correct_answer": "Akan",
    "incorrect_answers": ["Estelle", "Jimmy", "Henry"]
  },
  {
    "type": "boolean",
    "difficulty": "medium",
    "category": "Entertainment: Film",
    "question": "The Xenomorph from the science fiction film &quot;Alien&quot; has acidic blood.",
    "correct_answer": "True",
    "incorrect_answers": ["False"]
  },
  {
    "type": "boolean",
    "difficulty": "easy",
    "category": "Entertainment: Film",
    "question": "The movie &quot;The Nightmare before Christmas&quot; was all done with physical objects.",
    "correct_answer": "True",
    "incorrect_answers": ["False"]
  },
  {
    "type": "multiple",
    "difficulty": "medium",
    "category": "Entertainment: Film",
    "question": "Which musical artist had a prominent role in the 2017 film &quot;Kingsman: The Golden Circle&quot;?",
    "correct_answer": "Elton John",
    "incorrect_answers": ["Lady Gaga", "Rihanna", "Justin Bieber"]
  },
  {
    "type": "multiple",
    "difficulty": "hard",
    "category": "Entertainment: Film",
    "question": "What was the first movie to ever use a Wilhelm Scream?",
    "correct_answer": "Distant Drums",
    "incorrect_answers": [
      "Treasure of the Sierra Madre",
      "The Charge at Feather River",
      "Indiana Jones"
    ]
  },
  {
    "type": "multiple",
    "difficulty": "medium",
    "category": "Entertainment: Film",
    "question": "Who directed the 1973 film &quot;American Graffiti&quot;?",
    "correct_answer": "George Lucas",
    "incorrect_answers": [
      "Ron Howard",
      "Francis Ford Coppola",
      "Steven Spielberg"
    ]
  },
  {
    "type": "multiple",
    "difficulty": "medium",
    "category": "Entertainment: Film",
    "question": "Who directed the movie &quot;Alien&quot;?",
    "correct_answer": "Ridley Scott",
    "incorrect_answers": ["Christopher Nolan", "Michael Bay", "James Cameron"]
  },
  {
    "type": "multiple",
    "difficulty": "medium",
    "category": "Entertainment: Film",
    "question": "What year did the James Cameron film &quot;Titanic&quot; come out in theaters?",
    "correct_answer": "1997",
    "incorrect_answers": ["1996", "1998", "1999"]
  },
  {
    "type": "multiple",
    "difficulty": "easy",
    "category": "Entertainment: Film",
    "question": "Where does the original Friday The 13th movie take place?",
    "correct_answer": "Camp Crystal Lake",
    "incorrect_answers": ["Packanack", "Higgins Haven", "Camp Forest Green"]
  },
  {
    "type": "multiple",
    "difficulty": "hard",
    "category": "Entertainment: Film",
    "question": "What did the first moving picture depict?",
    "correct_answer": "A galloping horse",
    "incorrect_answers": [
      "A woman in a dress",
      "A man walking",
      "A crackling fire"
    ]
  },
  {
    "type": "multiple",
    "difficulty": "easy",
    "category": "Entertainment: Film",
    "question": "Which of the following actors has only been in a Quentin Tarantino directed film once?",
    "correct_answer": "John Travolta",
    "incorrect_answers": [
      "Christoph Waltz",
      "Harvey Keitel",
      "Samuel L. Jackson"
    ]
  },
  {
    "type": "multiple",
    "difficulty": "medium",
    "category": "Entertainment: Film",
    "question": "In the 1971 film &quot;Willy Wonka &amp; the Chocolate Factory&quot;, who played Willy Wonka?",
    "correct_answer": "Gene Wilder",
    "incorrect_answers": ["Shia LeBouf", "Peter Ostrum", "Johnny Depp"]
  },
  {
    "type": "multiple",
    "difficulty": "easy",
    "category": "Entertainment: Film",
    "question": "Which of these movies did Jeff Bridges not star in?",
    "correct_answer": "The Hateful Eight",
    "incorrect_answers": ["Tron: Legacy", "The Giver", "True Grit"]
  },
  {
    "type": "multiple",
    "difficulty": "medium",
    "category": "Entertainment: Film",
    "question": "In what year was the first Transformers movie released?",
    "correct_answer": "1986",
    "incorrect_answers": ["2007", "1984", "2009"]
  },
  {
    "type": "multiple",
    "difficulty": "easy",
    "category": "Entertainment: Film",
    "question": "In the movie &quot;Cast Away&quot; the main protagonist&#039;s best friend while on the island is named",
    "correct_answer": "Wilson",
    "incorrect_answers": ["Carson", "Jackson", "Willy"]
  },
  {
    "type": "boolean",
    "difficulty": "easy",
    "category": "Entertainment: Film",
    "question": "In the original script of &quot;The Matrix&quot;, the machines used humans as additional computing power instead of batteries.",
    "correct_answer": "True",
    "incorrect_answers": ["False"]
  },
  {
    "type": "multiple",
    "difficulty": "medium",
    "category": "Entertainment: Film",
    "question": "In the 1979 British film &quot;Quadrophenia&quot; what is the name of the seaside city the mods are visiting?",
    "correct_answer": "Brighton",
    "incorrect_answers": ["Eastbourne", "Mousehole", "Bridlington"]
  },
  {
    "type": "multiple",
    "difficulty": "easy",
    "category": "Entertainment: Film",
    "question": "Who starred in the film 1973 movie &quot;Enter The Dragon&quot;?",
    "correct_answer": "Bruce Lee",
    "incorrect_answers": ["Jackie Chan", "Jet Li", " Yun-Fat Chow"]
  },
  {
    "type": "multiple",
    "difficulty": "medium",
    "category": "Entertainment: Film",
    "question": "In the Friday The 13th series, what is Jason&#039;s mother&#039;s first name?",
    "correct_answer": "Pamela",
    "incorrect_answers": ["Mary", "Christine", "Angeline"]
  },
  {
    "type": "multiple",
    "difficulty": "easy",
    "category": "Entertainment: Film",
    "question": "Who is the main protagonist in, the 1985 film, Back to the Future?",
    "correct_answer": "Marty McFly",
    "incorrect_answers": [
      "Emmett &quot;Doc&quot; Brown",
      "Biff Tannen",
      "George McFly"
    ]
  },
  {
    "type": "multiple",
    "difficulty": "easy",
    "category": "Entertainment: Film",
    "question": "Which of these films is NOT set in Los Angeles?",
    "correct_answer": "RoboCop",
    "incorrect_answers": ["Blade Runner", "The Terminator", "Predator 2"]
  },
  {
    "type": "multiple",
    "difficulty": "medium",
    "category": "Entertainment: Film",
    "question": "Which actor played the main character in the 1990 film &quot;Edward Scissorhands&quot;?",
    "correct_answer": "Johnny Depp",
    "incorrect_answers": [" Clint Eastwood", "Leonardo DiCaprio", "Ben Stiller"]
  },
  {
    "type": "multiple",
    "difficulty": "medium",
    "category": "Entertainment: Film",
    "question": "In which movie does Robin Williams&#039; character have to disguise themselves into a woman?",
    "correct_answer": "Mrs. Doubtfire",
    "incorrect_answers": ["Old Dogs", "Jumanji", "Awakenings"]
  },
  {
    "type": "multiple",
    "difficulty": "medium",
    "category": "Entertainment: Film",
    "question": "In the movie &quot;Back to the Future,&quot; what speed does Doc Brown&#039;s DeLorean need to reach in order to travel through time?",
    "correct_answer": "88 mph",
    "incorrect_answers": ["77 mph", "100 mph", "70 mph"]
  },
  {
    "type": "multiple",
    "difficulty": "medium",
    "category": "Entertainment: Film",
    "question": "Which town is the setting for the Disney movie The Love Bug (1968)?",
    "correct_answer": "San Francisco",
    "incorrect_answers": ["Los Angeles", "Sacramento", "San Jose"]
  },
  {
    "type": "boolean",
    "difficulty": "easy",
    "category": "Entertainment: Film",
    "question": "George Lucas directed the entire original Star Wars trilogy.",
    "correct_answer": "False",
    "incorrect_answers": ["True"]
  },
  {
    "type": "multiple",
    "difficulty": "medium",
    "category": "Entertainment: Film",
    "question": "In the 2014 film &quot;Birdman&quot;, what is the primary instrument in the score?",
    "correct_answer": "Drums",
    "incorrect_answers": ["Saxophone", "Violin", "Actual Live Birds Singing"]
  },
  {
    "type": "multiple",
    "difficulty": "hard",
    "category": "Entertainment: Film",
    "question": "In 2012, which movie won every category in the 32nd &quot;Golden Raspberry Awards&quot;?",
    "correct_answer": "Jack and Jill",
    "incorrect_answers": [
      "The Girl with the Dragon Tattoo",
      "Thor",
      "The King&#039;s Speech"
    ]
  },
  {
    "type": "multiple",
    "difficulty": "medium",
    "category": "Entertainment: Film",
    "question": "Who voiced the character Draco in the 1996 movie &#039;DragonHeart&#039;?",
    "correct_answer": "Sean Connery",
    "incorrect_answers": [
      "Dennis Quaid",
      "Pete Postlethwaite",
      "Brian Thompson"
    ]
  },
  {
    "type": "multiple",
    "difficulty": "medium",
    "category": "Entertainment: Film",
    "question": "Which movie of film director Stanley Kubrick is known to be an adaptation of a Stephen King novel?",
    "correct_answer": "The Shining",
    "incorrect_answers": [
      "2001: A Space Odyssey",
      " Dr. Strangelove ",
      "Eyes Wide Shut"
    ]
  },
  {
    "type": "multiple",
    "difficulty": "hard",
    "category": "Entertainment: Film",
    "question": "Which singer is portrayed by Bruce Campbell in the 2002 film &#039;Bubba Ho-Tep&#039;?",
    "correct_answer": "Elvis Presley",
    "incorrect_answers": ["Johnny Cash", "Hank Williams, Sr.", "Buddy Holly"]
  },
  {
    "type": "multiple",
    "difficulty": "medium",
    "category": "Entertainment: Film",
    "question": "What is the name of the first &quot;Star Wars&quot; film by release order?",
    "correct_answer": "A New Hope",
    "incorrect_answers": [
      "The Phantom Menace",
      "The Force Awakens",
      "Revenge of the Sith"
    ]
  },
  {
    "type": "multiple",
    "difficulty": "hard",
    "category": "Entertainment: Film",
    "question": "In the movie &quot;Scream&quot; who is Ghost Face?",
    "correct_answer": "Billy Loomis and Stu Macher",
    "incorrect_answers": [
      "Dewey Riley",
      "Sidney Prescott",
      "Archie Prescott and Philip Marv"
    ]
  },
  {
    "type": "multiple",
    "difficulty": "medium",
    "category": "Entertainment: Film",
    "question": "Which actor and martial artist starred as Colonel Guile in the 1994 action film adaptation of Street Fighter?",
    "correct_answer": "Jean-Claude Van Damme",
    "incorrect_answers": ["Chuck Norris", "Steven Seagal", "Scott Adkins"]
  },
  {
    "type": "multiple",
    "difficulty": "hard",
    "category": "Entertainment: Film",
    "question": "What was the last Marx Brothers film to feature Zeppo?",
    "correct_answer": "Duck Soup",
    "incorrect_answers": [
      "A Night at the Opera",
      "A Day at the Races",
      "Monkey Business"
    ]
  },
  {
    "type": "multiple",
    "difficulty": "medium",
    "category": "Entertainment: Film",
    "question": "What film did James Cameron&#039;s Avatar dethrone as the highest-grossing film ever?",
    "correct_answer": "Titanic",
    "incorrect_answers": ["Star Wars", "Gone with the Wind", "Jaws"]
  },
  {
    "type": "boolean",
    "difficulty": "medium",
    "category": "Entertainment: Film",
    "question": "Joan Cusack starred in the 2009 disaster movie, &quot;2012&quot;.",
    "correct_answer": "False",
    "incorrect_answers": ["True"]
  },
  {
    "type": "multiple",
    "difficulty": "easy",
    "category": "Entertainment: Film",
    "question": "Which animated movie was first to feature a celebrity as a voice actor?",
    "correct_answer": "Aladdin",
    "incorrect_answers": [
      "Toy Story",
      "James and the Giant Peach",
      "The Hunchback of Notre Dame"
    ]
  },
  {
    "type": "multiple",
    "difficulty": "medium",
    "category": "Entertainment: Film",
    "question": "What was the name of the protagonist in the movie Commando (1985)?",
    "correct_answer": "John Matrix",
    "incorrect_answers": ["Ben Richards", "Douglas Quaid", "Harry Tasker"]
  },
  {
    "type": "multiple",
    "difficulty": "easy",
    "category": "Entertainment: Film",
    "question": "Who played Deputy Marshal Samuel Gerard in the 1993 film &quot;The Fugitive&quot;?",
    "correct_answer": "Tommy Lee Jones",
    "incorrect_answers": ["Harrison Ford", "Harvey Keitel", "Martin Landau"]
  },
  {
    "type": "multiple",
    "difficulty": "easy",
    "category": "Entertainment: Film",
    "question": "Who wrote and directed the 1986 film &#039;Platoon&#039;?",
    "correct_answer": "Oliver Stone",
    "incorrect_answers": [
      "Francis Ford Coppola",
      "Stanley Kubrick",
      "Michael Cimino"
    ]
  },
  {
    "type": "multiple",
    "difficulty": "easy",
    "category": "Entertainment: Film",
    "question": "Who plays the character of Po in the Kung Fu Panda movies?",
    "correct_answer": "Jack Black",
    "incorrect_answers": ["Mirana Jonnes", "McConahey Ramses", "Jim Petersson"]
  },
  {
    "type": "boolean",
    "difficulty": "easy",
    "category": "Entertainment: Film",
    "question": "In the original Star Wars trilogy, Alec Guinness provided the voice for Darth Vader.",
    "correct_answer": "False",
    "incorrect_answers": ["True"]
  },
  {
    "type": "multiple",
    "difficulty": "hard",
    "category": "Entertainment: Film",
    "question": "In the &quot;Jurassic Park&quot; universe, what was the first dinosaur cloned by InGen in 1986?",
    "correct_answer": "Velociraptor",
    "incorrect_answers": ["Triceratops", "Troodon", "Brachiosaurus"]
  },
  {
    "type": "multiple",
    "difficulty": "medium",
    "category": "Entertainment: Film",
    "question": "In the 2010 Nightmare on Elm Street reboot, who played Freddy Kruger?",
    "correct_answer": "Jackie Earle Haley",
    "incorrect_answers": ["Tyler Mane", "Derek Mears", "Gunnar Hansen"]
  },
  {
    "type": "multiple",
    "difficulty": "medium",
    "category": "Entertainment: Film",
    "question": "Ed Koch, the Mayor of New York in 1984, played himself in which Muppets movie?",
    "correct_answer": "The Muppets Take Manhattan",
    "incorrect_answers": [
      "The Great Muppet Caper",
      "The Muppet Christmas Carol",
      "The Muppet Movie"
    ]
  },
  {
    "type": "multiple",
    "difficulty": "medium",
    "category": "Entertainment: Film",
    "question": "What is the name of the queen&#039;s pet in A Bug&#039;s Life?",
    "correct_answer": "Aphie",
    "incorrect_answers": ["Flik", "Hopper", "Dot"]
  },
  {
    "type": "multiple",
    "difficulty": "medium",
    "category": "Entertainment: Film",
    "question": "The 1939 movie &quot;The Wizard of Oz&quot; contained a horse that changed color, what material did they use to achieve this effect?",
    "correct_answer": "Gelatin",
    "incorrect_answers": ["Dye", "Paint", "CGI Effect"]
  },
  {
    "type": "multiple",
    "difficulty": "easy",
    "category": "Entertainment: Film",
    "question": "In the Super Mario Bros. Movie (2023), who plays Toad?",
    "correct_answer": "Keegan-Michael Key",
    "incorrect_answers": ["Seth Rogan", "Charlie Day", "Jack Black"]
  },
  {
    "type": "multiple",
    "difficulty": "medium",
    "category": "Entertainment: Film",
    "question": "In the 1999 movie Fight Club, which of these is not a rule of the &quot;fight club&quot;?",
    "correct_answer": "Always wear a shirt",
    "incorrect_answers": [
      "You do not talk about FIGHT CLUB",
      "Only two guys to a fight",
      "Fights will go on as long as they have to"
    ]
  },
  {
    "type": "boolean",
    "difficulty": "easy",
    "category": "Entertainment: Film",
    "question": "Ewan McGregor did not know the name of the second prequel film of Star Wars during and after filming.",
    "correct_answer": "True",
    "incorrect_answers": ["False"]
  },
  {
    "type": "multiple",
    "difficulty": "hard",
    "category": "Entertainment: Film",
    "question": "In what year did Clint Eastwood star as Inspector Harry Callahan in the film &quot;Dirty Harry&quot;?",
    "correct_answer": "1971",
    "incorrect_answers": ["1975", "1983", "1969"]
  },
  {
    "type": "multiple",
    "difficulty": "hard",
    "category": "Entertainment: Film",
    "question": "In the 1976 film &#039;Taxi Driver&#039;, how many guns did Travis buy from the salesman?",
    "correct_answer": "4",
    "incorrect_answers": ["2", "6", "1"]
  },
  {
    "type": "multiple",
    "difficulty": "hard",
    "category": "Entertainment: Film",
    "question": "What three movies, in order from release date, make up the &quot;Dollars Trilogy&quot;?",
    "correct_answer": "&quot;A Fistful of Dollars&quot;, &quot;For a Few Dollars More&quot;, &quot;The Good, the Bad, and the Ugly&quot;",
    "incorrect_answers": [
      "&quot;The Good, the Bad, and the Ugly&quot;, &quot;For A Few Dollars More&quot;, &quot;A Fistful of Dollars&quot;",
      "&quot;For a Few Dollars More&quot;, &quot;The Good, the Bad, and the Ugly&quot;, &quot;A Fistful of Dollars&quot;",
      "&quot;For a Few Dollars More&quot;, &quot;A Fistful of Dollars&quot;, &quot;The Good, the Bad, and the Ugly&quot;"
    ]
  },
  {
    "type": "multiple",
    "difficulty": "medium",
    "category": "Entertainment: Film",
    "question": "What is the name of the robot in the 1951 science fiction film classic &#039;The Day the Earth Stood Still&#039;?",
    "correct_answer": "Gort",
    "incorrect_answers": ["Robby", "Colossus", "Box"]
  },
  {
    "type": "multiple",
    "difficulty": "medium",
    "category": "Entertainment: Film",
    "question": "In &quot;Jurassic World&quot;, which company purchases InGen and creates Jurassic World?",
    "correct_answer": "Masrani Global Corporation ",
    "incorrect_answers": [
      "Biology Synthetics Technologies",
      "International Genetics Incorporated",
      "International Genetic Technologies"
    ]
  },
  {
    "type": "multiple",
    "difficulty": "hard",
    "category": "Entertainment: Film",
    "question": "In the Friday The 13th series, what year did Jason drown in?",
    "correct_answer": "1957",
    "incorrect_answers": ["1955", "1953", "1959"]
  },
  {
    "type": "multiple",
    "difficulty": "easy",
    "category": "Entertainment: Film",
    "question": "The 2016 Disney animated film &#039;Moana&#039; is based on which culture?",
    "correct_answer": "Polynesian",
    "incorrect_answers": ["Native American", "Japanese", "Nordic"]
  },
  {
    "type": "multiple",
    "difficulty": "medium",
    "category": "Entertainment: Film",
    "question": "Who played the Cenobite called &quot;Pinhead&quot; in the original Hellraiser films?",
    "correct_answer": "Doug Bradley",
    "incorrect_answers": ["Doug Jones", "Doug Savant", "Doug Benson"]
  },
  {
    "type": "multiple",
    "difficulty": "medium",
    "category": "Entertainment: Film",
    "question": "Who played Batman in the 1997 film &quot;Batman and Robin&quot;?",
    "correct_answer": "George Clooney",
    "incorrect_answers": ["Michael Keaton", "Val Kilmer", "Christian Bale"]
  },
  {
    "type": "multiple",
    "difficulty": "hard",
    "category": "Entertainment: Film",
    "question": "In order to cut costs, what were most of the extras of Mad Max (1979) paid with?",
    "correct_answer": "Beer",
    "incorrect_answers": ["Fast food", "Food stamps", "They weren&#039;t paid"]
  },
  {
    "type": "multiple",
    "difficulty": "medium",
    "category": "Entertainment: Film",
    "question": "What is the name of the character Nicolas Cage plays in the movie &quot;National Treasure?&quot;",
    "correct_answer": "Benjamin Franklin Gates",
    "incorrect_answers": [
      "Thomas Jefferson Walker",
      "George Washington Swanson",
      "John Quincy Beckett"
    ]
  },
  {
    "type": "multiple",
    "difficulty": "easy",
    "category": "Entertainment: Film",
    "question": "In the 2012 film, &quot;The Lorax&quot;, who is the antagonist?",
    "correct_answer": "Aloysius O&#039;Hare",
    "incorrect_answers": ["Ted Wiggins", "The Once-Ler", "Grammy Norma"]
  },
  {
    "type": "multiple",
    "difficulty": "easy",
    "category": "Entertainment: Film",
    "question": "Which of these Movies was NOT released in 1996?",
    "correct_answer": "Gladiator",
    "incorrect_answers": ["Independence Day", "The Rock", "Mission: Impossible"]
  },
  {
    "type": "multiple",
    "difficulty": "easy",
    "category": "Entertainment: Film",
    "question": "Which actor plays Obi-Wan Kenobi in Star Wars Episodes I-lll?",
    "correct_answer": "Ewan McGregor",
    "incorrect_answers": ["Alec Guinness", "Hayden Christensen", "Liam Neeson"]
  },
  {
    "type": "multiple",
    "difficulty": "medium",
    "category": "Entertainment: Film",
    "question": "After India, which country produces the second most movies per year?",
    "correct_answer": "Nigeria",
    "incorrect_answers": ["United States", "China", "France"]
  },
  {
    "type": "multiple",
    "difficulty": "hard",
    "category": "Entertainment: Film",
    "question": "In the 1964 film &quot;Zulu&quot;, what song does the British Army company sing before the final battle?",
    "correct_answer": "Men of Harlech",
    "incorrect_answers": [
      "Scotland the Brave",
      "Colonel Bogey March",
      "The British Grenadiers"
    ]
  },
  {
    "type": "multiple",
    "difficulty": "medium",
    "category": "Entertainment: Film",
    "question": "What is Lilo&#039;s last name from Lilo and Stitch?",
    "correct_answer": "Pelekai",
    "incorrect_answers": ["Anoaʻi", "Kealoha", "Kuʻulei"]
  },
  {
    "type": "multiple",
    "difficulty": "easy",
    "category": "Entertainment: Film",
    "question": "What is the orange and white bot&#039;s name in &quot;Star Wars: The Force Awakens&quot;?",
    "correct_answer": "BB-8",
    "incorrect_answers": ["BB-3", "AA-A", "R2-D2"]
  },
  {
    "type": "multiple",
    "difficulty": "medium",
    "category": "Entertainment: Film",
    "question": "Johnny Depp made his big-screen acting debut in which film?",
    "correct_answer": "A Nightmare on Elm Street",
    "incorrect_answers": ["My Bloody Valentine", "Halloween", "Friday the 13th"]
  },
  {
    "type": "multiple",
    "difficulty": "easy",
    "category": "Entertainment: Film",
    "question": "Which of the following was not one of &quot;The Magnificent Seven&quot;?",
    "correct_answer": "Clint Eastwood",
    "incorrect_answers": ["Steve McQueen", "Charles Bronson", "Robert Vaughn"]
  },
  {
    "type": "multiple",
    "difficulty": "medium",
    "category": "Entertainment: Film",
    "question": "Which Marvel superhero did Chris Evans play prior to his role as Captain America?",
    "correct_answer": "Human Torch",
    "incorrect_answers": ["Cyclops", "Iceman", "Daredevil"]
  },
  {
    "type": "boolean",
    "difficulty": "easy",
    "category": "Entertainment: Film",
    "question": "In Alfred Hitchcock&#039;s film &#039;Psycho&#039; it is said he used chocolate syrup to simulate the blood in the famous shower scene from ",
    "correct_answer": "True",
    "incorrect_answers": ["False"]
  },
  {
    "type": "multiple",
    "difficulty": "medium",
    "category": "Entertainment: Film",
    "question": "Which movie sequel had improved box office results compared to its original film?",
    "correct_answer": "Toy Story 2",
    "incorrect_answers": [
      "Sin City: A Dame to Kill For",
      "Speed 2: Cruise Control",
      "Son of the Mask"
    ]
  },
  {
    "type": "boolean",
    "difficulty": "easy",
    "category": "Entertainment: Film",
    "question": "In the original Star Wars trilogy, David Prowse was the actor who physically portrayed Darth Vader.",
    "correct_answer": "True",
    "incorrect_answers": ["False"]
  },
  {
    "type": "multiple",
    "difficulty": "medium",
    "category": "Entertainment: Film",
    "question": "Who was the director of &quot;Scott Pilgrim vs. the World (2010)&quot;?",
    "correct_answer": "Edgar Wright",
    "incorrect_answers": ["Phil Lord", "Chris Miller", "Seth Rogan"]
  },
  {
    "type": "multiple",
    "difficulty": "hard",
    "category": "Entertainment: Film",
    "question": "What was the wifi password given to Stephen Strange in Doctor Strange?",
    "correct_answer": "Shambala",
    "incorrect_answers": ["Peace", "Ancient", "Chakra"]
  },
  {
    "type": "multiple",
    "difficulty": "easy",
    "category": "Entertainment: Film",
    "question": "For the film &quot;Raiders of The Lost Ark&quot;, what was Harrison Ford sick with during the filming of the Cairo chase?",
    "correct_answer": "Dysentery",
    "incorrect_answers": ["Anemia", "Constipation", "Acid Reflux "]
  },
  {
    "type": "multiple",
    "difficulty": "hard",
    "category": "Entertainment: Film",
    "question": "What did Alfred Hitchcock use as blood in the film &quot;Psycho&quot;? ",
    "correct_answer": "Chocolate syrup",
    "incorrect_answers": ["Ketchup", "Red food coloring", "Maple syrup"]
  },
  {
    "type": "multiple",
    "difficulty": "easy",
    "category": "Entertainment: Film",
    "question": "Which movie includes a giant bunny-like spirit who has magic powers including growing trees?",
    "correct_answer": "My Neighbor Totoro",
    "incorrect_answers": ["Hop", "Rise of the Guardians", "Alice in Wonderland"]
  },
  {
    "type": "multiple",
    "difficulty": "medium",
    "category": "Entertainment: Film",
    "question": "Who voiced Metalbeard in &quot;The Lego Movie&quot;?",
    "correct_answer": "Nick Offerman",
    "incorrect_answers": ["Liam Neeson", "Morgan Freeman", "Will Arnet"]
  },
  {
    "type": "multiple",
    "difficulty": "medium",
    "category": "Entertainment: Film",
    "question": "Which stand-up comedian voiced the talking parrot &quot;Iago&quot; in Disney&#039;s 1992 adaptation of Aladdin?",
    "correct_answer": "Gilbert Gottfried",
    "incorrect_answers": ["Robin Williams", "Pauly Shore", "Jonathan Freeman"]
  },
  {
    "type": "multiple",
    "difficulty": "easy",
    "category": "Entertainment: Film",
    "question": "In which film does Humphrey Bogart say the famous line, &quot;Here&#039;s looking at you, kid&quot;?",
    "correct_answer": "Casablanca",
    "incorrect_answers": [
      "The Maltese Falcon",
      "The Treasure of the Sierra Madre",
      "Citizen Kane"
    ]
  },
  {
    "type": "multiple",
    "difficulty": "hard",
    "category": "Entertainment: Film",
    "question": "Which sci-fi cult films plot concerns aliens attempting to prevent humans from creating a doomsday weapon?",
    "correct_answer": "Plan 9 from Outer Space",
    "incorrect_answers": [
      "The Man from Planet X",
      "It Came from Outer Space",
      "The Day The Earth Stood Still"
    ]
  },
  {
    "type": "boolean",
    "difficulty": "easy",
    "category": "Entertainment: Film",
    "question": "Han Solo&#039;s co-pilot and best friend, &quot;Chewbacca&quot;, is an Ewok.",
    "correct_answer": "False",
    "incorrect_answers": ["True"]
  },
  {
    "type": "boolean",
    "difficulty": "easy",
    "category": "Entertainment: Film",
    "question": "The word &quot;Inception&quot; came from the 2010 blockbuster hit &quot;Inception&quot;.",
    "correct_answer": "False",
    "incorrect_answers": ["True"]
  },
  {
    "type": "multiple",
    "difficulty": "medium",
    "category": "Entertainment: Film",
    "question": "Who plays &quot;Bruce Wayne&quot; in the 2008 movie &quot;The Dark Knight&quot;?",
    "correct_answer": "Christian Bale",
    "incorrect_answers": ["Michael Caine", "Ron Dean", "Heath Ledger"]
  },
  {
    "type": "multiple",
    "difficulty": "easy",
    "category": "Entertainment: Film",
    "question": "What name did Tom Hanks give to his volleyball companion in the film `Cast Away`?",
    "correct_answer": "Wilson",
    "incorrect_answers": ["Friday", "Jones", "Billy"]
  },
  {
    "type": "boolean",
    "difficulty": "hard",
    "category": "Entertainment: Film",
    "question": "&quot;Cube&quot;, &quot;Cube 2: Hypercube&quot; and &quot;Cube Zero&quot; were directed by the same person.",
    "correct_answer": "False",
    "incorrect_answers": ["True"]
  },
  {
    "type": "multiple",
    "difficulty": "medium",
    "category": "Entertainment: Film",
    "question": "What is the birth name of Michael Caine?",
    "correct_answer": "Maurice Micklewhite",
    "incorrect_answers": ["Morris Coleman", "Carl Myers", "Martin Michaels"]
  },
  {
    "type": "multiple",
    "difficulty": "medium",
    "category": "Entertainment: Film",
    "question": "What is the name of the dog that played Toto in the 1939 film &quot;The Wizard of Oz&quot;?",
    "correct_answer": "Terry",
    "incorrect_answers": ["Tommy", "Teddy", "Toto"]
  },
  {
    "type": "multiple",
    "difficulty": "easy",
    "category": "Entertainment: Film",
    "question": "This movie contains the quote, &quot;I feel the need ... the need for speed!&quot;",
    "correct_answer": "Top Gun",
    "incorrect_answers": ["Days of Thunder", "The Color of Money", "Cocktail"]
  },
  {
    "type": "multiple",
    "difficulty": "hard",
    "category": "Entertainment: Film",
    "question": "In the 1974 Christmas flick &quot;The Year Without a Santa Claus,&quot; what are the names of the two elves who help Mrs. Claus save Christmas?",
    "correct_answer": "Jingle &amp; Jangle",
    "incorrect_answers": [
      "Buddy &amp; Bobby",
      "Holly &amp; Jolly",
      "Snowflake &amp; Icicle"
    ]
  },
  {
    "type": "multiple",
    "difficulty": "hard",
    "category": "Entertainment: Film",
    "question": "In &quot;Star Trek Nemesis&quot;, why was Praetor Shinzon created?",
    "correct_answer": "To replace Picard as a Romulan Agent",
    "incorrect_answers": [
      "To destroy the Enterprise",
      "To become Picard&#039;s friend ",
      "To steal the Enterprise"
    ]
  },
  {
    "type": "multiple",
    "difficulty": "medium",
    "category": "Entertainment: Film",
    "question": "Which of the following films was NOT directed by Quentin Tarantino?",
    "correct_answer": "From Dusk till Dawn",
    "incorrect_answers": ["Jackie Brown", "Pulp Fiction", "Reservoir Dogs"]
  },
  {
    "type": "multiple",
    "difficulty": "easy",
    "category": "Entertainment: Film",
    "question": "What was the first feature-length computer-animated movie?",
    "correct_answer": "Toy Story",
    "incorrect_answers": ["Tron", "Lion king", "101 Dalmatians"]
  },
  {
    "type": "multiple",
    "difficulty": "hard",
    "category": "Entertainment: Film",
    "question": "The film Mad Max: Fury Road features the Dies Irae  from which composer&#039;s requiem?",
    "correct_answer": "Verdi",
    "incorrect_answers": ["Mozart", "Berlioz", "Brahms"]
  },
  {
    "type": "multiple",
    "difficulty": "easy",
    "category": "Entertainment: Film",
    "question": "Who directed &quot;E.T. the Extra-Terrestrial&quot; (1982)?",
    "correct_answer": "Steven Spielberg",
    "incorrect_answers": ["Stanley Kubrick", "James Cameron", "Tim Burton"]
  },
  {
    "type": "multiple",
    "difficulty": "medium",
    "category": "Entertainment: Film",
    "question": "What character in the Winnie the Pooh films was added by Disney and does not appear in the original books?",
    "correct_answer": "Gopher",
    "incorrect_answers": ["Tigger", "Heffalumps", "Rabbit"]
  },
  {
    "type": "boolean",
    "difficulty": "medium",
    "category": "Entertainment: Film",
    "question": "There aren&#039;t any live-action clones in &quot;Star Wars: Episode III - Revenge of the Sith&quot;.",
    "correct_answer": "True",
    "incorrect_answers": ["False"]
  },
  {
    "type": "multiple",
    "difficulty": "easy",
    "category": "Entertainment: Film",
    "question": "The 2002 film &quot;28 Days Later&quot; is mainly set in which European country?",
    "correct_answer": "United Kingdom",
    "incorrect_answers": ["France", "Italy", "Germany"]
  },
  {
    "type": "multiple",
    "difficulty": "easy",
    "category": "Entertainment: Film",
    "question": "What was the first James Bond film?",
    "correct_answer": "Dr. No",
    "incorrect_answers": ["Goldfinger", "From Russia With Love", "Thunderball"]
  },
  {
    "type": "multiple",
    "difficulty": "easy",
    "category": "Entertainment: Film",
    "question": "Daniel Radcliffe became a global star in the film industry due to his performance in which film franchise?",
    "correct_answer": "Harry Potter",
    "incorrect_answers": ["Ted", "Spy Kids", "Pirates of the Caribbean "]
  },
  {
    "type": "multiple",
    "difficulty": "easy",
    "category": "Entertainment: Film",
    "question": "Which movie contains the quote, &quot;Say hello to my little friend!&quot;?",
    "correct_answer": "Scarface",
    "incorrect_answers": ["Reservoir Dogs", "Heat", "Goodfellas"]
  },
  {
    "type": "multiple",
    "difficulty": "easy",
    "category": "Entertainment: Film",
    "question": "At the end of the 2001 film &quot;Rat Race&quot;, whose concert do the contestants crash?",
    "correct_answer": "Smash Mouth",
    "incorrect_answers": ["Bowling for Soup", "Sum 41", "Linkin Park"]
  },
  {
    "type": "multiple",
    "difficulty": "medium",
    "category": "Entertainment: Film",
    "question": "What city did the monster attack in the film, &quot;Cloverfield&quot;?",
    "correct_answer": "New York, New York",
    "incorrect_answers": [
      "Las Vegas, Nevada",
      "Chicago, Illinois",
      "Orlando, Florida"
    ]
  },
  {
    "type": "multiple",
    "difficulty": "hard",
    "category": "Entertainment: Film",
    "question": "Which was the first of Alfred Hitchcock&#039;s movies to be filmed in colour?",
    "correct_answer": "Rope",
    "incorrect_answers": ["Psycho", "Vertigo", "Rebecca"]
  },
  {
    "type": "multiple",
    "difficulty": "easy",
    "category": "Entertainment: Film",
    "question": "This movie contains the quote, &quot;Houston, we have a problem.&quot;",
    "correct_answer": "Apollo 13",
    "incorrect_answers": ["The Right Stuff", "Capricorn One", "Marooned"]
  },
  {
    "type": "multiple",
    "difficulty": "easy",
    "category": "Entertainment: Film",
    "question": "In the 1992 film &quot;Army of Darkness&quot;, what name does Ash give to his double-barreled shotgun?",
    "correct_answer": "Boomstick",
    "incorrect_answers": ["Bloomstick", "Blastbranch", "2-Pump Chump"]
  },
  {
    "type": "multiple",
    "difficulty": "easy",
    "category": "Entertainment: Film",
    "question": "What was the title of the first Bond movie, released in 1962?",
    "correct_answer": "Dr. No",
    "incorrect_answers": ["From Russia with Love", "Goldfinger", "Thunderball"]
  },
  {
    "type": "boolean",
    "difficulty": "medium",
    "category": "Entertainment: Film",
    "question": "The movie &quot;Tron&quot; received an Oscar nomination for Best Visual Effects.",
    "correct_answer": "False",
    "incorrect_answers": ["True"]
  },
  {
    "type": "multiple",
    "difficulty": "medium",
    "category": "Entertainment: Film",
    "question": "Velma Kelly and Roxie Hart are the protagonists of which Oscar winning movie?",
    "correct_answer": "Chicago",
    "incorrect_answers": ["Dreamgirls", "Cabaret", "All That Jazz"]
  },
  {
    "type": "multiple",
    "difficulty": "easy",
    "category": "Entertainment: Film",
    "question": "What historical time period was the center of the Assassin&rsquo;s Creed movie (2016)?",
    "correct_answer": "Spanish Inquisition",
    "incorrect_answers": [
      "Victorian England",
      "French Revolution",
      "Colonial America"
    ]
  },
  {
    "type": "multiple",
    "difficulty": "medium",
    "category": "Entertainment: Film",
    "question": "Who performed the opening theme song for the James Bond 007 movie &quot;Goldfinger&quot;?",
    "correct_answer": "Shirley Basey",
    "incorrect_answers": ["Tom Jones", "John Barry", "Sheena Easton"]
  },
  {
    "type": "multiple",
    "difficulty": "easy",
    "category": "Entertainment: Film",
    "question": "What was the first monster to appear alongside Godzilla?",
    "correct_answer": "Anguirus",
    "incorrect_answers": ["King Kong", "Mothra", "King Ghidora"]
  },
  {
    "type": "boolean",
    "difficulty": "easy",
    "category": "Entertainment: Film",
    "question": "Matt Damon played an astronaut stranded on an extraterrestrial planet in both of the movies Interstellar and The Martian.",
    "correct_answer": "True",
    "incorrect_answers": ["False"]
  },
  {
    "type": "multiple",
    "difficulty": "hard",
    "category": "Entertainment: Film",
    "question": "In what year does Jurassic World open in the &quot;Jurassic Park&quot; universe?",
    "correct_answer": "2005",
    "incorrect_answers": ["2007", "2015", "2020"]
  },
  {
    "type": "multiple",
    "difficulty": "easy",
    "category": "Entertainment: Film",
    "question": "In the movie &quot;Spaceballs&quot;, what are the Spaceballs attempting to steal from Planet Druidia?",
    "correct_answer": "Air",
    "incorrect_answers": ["The Schwartz", "Princess Lonestar", "Meatballs"]
  },
  {
    "type": "multiple",
    "difficulty": "medium",
    "category": "Entertainment: Film",
    "question": "What is the make and model of the tour vehicles in &quot;Jurassic Park&quot; (1993)?",
    "correct_answer": "1992 Ford Explorer XLT",
    "incorrect_answers": [
      "1992 Toyota Land Cruiser",
      "1992 Jeep Wrangler YJ Sahar",
      "Mercedes M-Class"
    ]
  },
  {
    "type": "boolean",
    "difficulty": "easy",
    "category": "Entertainment: Film",
    "question": "The 2010 film &quot;The Social Network&quot; is a biographical drama film about MySpace founder Tom Anderson.",
    "correct_answer": "False",
    "incorrect_answers": ["True"]
  },
  {
    "type": "multiple",
    "difficulty": "easy",
    "category": "Entertainment: Film",
    "question": "Who directed the Kill Bill movies?",
    "correct_answer": "Quentin Tarantino",
    "incorrect_answers": [
      "Arnold Schwarzenegger",
      "David Lean",
      "Stanley Kubrick"
    ]
  },
  {
    "type": "multiple",
    "difficulty": "hard",
    "category": "Entertainment: Film",
    "question": "What is the name of the supercomputer located in the control room in &quot;Jurassic Park&quot; (1993)?",
    "correct_answer": "Thinking Machines CM-5",
    "incorrect_answers": ["Cray X-MP", "Cray XK7", "IBM Blue Gene/Q"]
  },
  {
    "type": "multiple",
    "difficulty": "medium",
    "category": "Entertainment: Film",
    "question": "Which star actor was in &quot;Top Gun&quot;, &quot;Jerry Maguire&quot; and &quot;Born on the Fourth of July&quot;?",
    "correct_answer": "Tom Cruise",
    "incorrect_answers": ["Kelly McGillis", "John Travolta", "George Clooney"]
  },
  {
    "type": "multiple",
    "difficulty": "medium",
    "category": "Entertainment: Film",
    "question": "Mark Wahlberg played the titular character of which 2008 video-game adaptation?",
    "correct_answer": "Max Payne",
    "incorrect_answers": ["Alan Wake", "Hitman", "God Of War"]
  },
  {
    "type": "boolean",
    "difficulty": "easy",
    "category": "Entertainment: Film",
    "question": "&quot;Foodfight!&quot; earned less than $80,000 at box office.",
    "correct_answer": "True",
    "incorrect_answers": ["False"]
  }
]
