[
  {
    "type": "multiple",
    "difficulty": "hard",
    "category": "Entertainment: Comics",
    "question": "When was the Garfield comic first published?",
    "correct_answer": "1978",
    "incorrect_answers": ["1982", "1973", "1988"]
  },
  {
    "type": "multiple",
    "difficulty": "easy",
    "category": "Entertainment: Comics",
    "question": "Which universe crossover was introduced in the &quot;Sonic the Hedgehog&quot; comic issue #247?",
    "correct_answer": "Mega Man",
    "incorrect_answers": [
      "Super Mario Brothers",
      "Alex Kidd",
      "Super Monkey Ball"
    ]
  },
  {
    "type": "multiple",
    "difficulty": "easy",
    "category": "Entertainment: Comics",
    "question": "What&#039;s the race of Invincible&#039;s father?",
    "correct_answer": "Viltrumite",
    "incorrect_answers": ["Kryptonian", "Kree", "Irken"]
  },
  {
    "type": "multiple",
    "difficulty": "medium",
    "category": "Entertainment: Comics",
    "question": "The stuffed tiger in Calvin and Hobbes is named after what philosopher?",
    "correct_answer": "Thomas Hobbes",
    "incorrect_answers": ["David Hobbes", "John Hobbes", "Nathaniel Hobbes"]
  },
  {
    "type": "multiple",
    "difficulty": "medium",
    "category": "Entertainment: Comics",
    "question": "What&#039;s the name of Batman&#039;s parents?",
    "correct_answer": "Thomas &amp; Martha",
    "incorrect_answers": [
      "Joey &amp; Jackie",
      "Jason &amp; Sarah",
      "Todd &amp; Mira"
    ]
  },
  {
    "type": "multiple",
    "difficulty": "hard",
    "category": "Entertainment: Comics",
    "question": "What is the real hair colour of the mainstream comic book version (Earth-616) of Daredevil?",
    "correct_answer": "Blonde",
    "incorrect_answers": ["Auburn", "Brown", "Black"]
  },
  {
    "type": "multiple",
    "difficulty": "hard",
    "category": "Entertainment: Comics",
    "question": "In the webcomic &quot;Ava&#039;s Demon&quot;, what sin is &quot;Nevy Nervine&quot; based off of? ",
    "correct_answer": "Envy ",
    "incorrect_answers": ["Sloth", "Wrath ", "Lust"]
  },
  {
    "type": "multiple",
    "difficulty": "medium",
    "category": "Entertainment: Comics",
    "question": "In the Hellboy universe, who founded the BPRD?",
    "correct_answer": "Trevor Bruttenholm",
    "incorrect_answers": ["Kate Corrigan", "Johann Kraus", "Benjamin Daimio"]
  },
  {
    "type": "multiple",
    "difficulty": "easy",
    "category": "Entertainment: Comics",
    "question": "The main six year old protagonist in Calvin and Hobbes is named after what theologian?",
    "correct_answer": "John Calvin",
    "incorrect_answers": [
      "Calvin Klein",
      "Calvin Coolidge",
      "Phillip Calvin McGraw"
    ]
  },
  {
    "type": "multiple",
    "difficulty": "medium",
    "category": "Entertainment: Comics",
    "question": "Who wrote the Batman comic series &quot;The Killing Joke&quot;?",
    "correct_answer": "Alan Moore",
    "incorrect_answers": ["Bill Finger", "Frank Miller", "Jerry Siegel"]
  },
  {
    "type": "multiple",
    "difficulty": "medium",
    "category": "Entertainment: Comics",
    "question": "Which &quot;Green Arrow&quot; sidekick commonly wears a baseball cap?",
    "correct_answer": "Roy Harper",
    "incorrect_answers": ["Black Canary", "Emiko Queen", "Dick Grayson"]
  },
  {
    "type": "multiple",
    "difficulty": "easy",
    "category": "Entertainment: Comics",
    "question": "This Marvel superhero is often called &quot;The man without fear&quot;.",
    "correct_answer": "Daredevil",
    "incorrect_answers": ["Thor", "Wolverine", "Hulk"]
  },
  {
    "type": "multiple",
    "difficulty": "hard",
    "category": "Entertainment: Comics",
    "question": "In the Hellboy universe, what was Abe Sapien&#039;s birth name?",
    "correct_answer": "Langdon Everett Caul",
    "incorrect_answers": ["Lord Baltimore", "Sir Edward Grey", "Landis Pope"]
  },
  {
    "type": "multiple",
    "difficulty": "medium",
    "category": "Entertainment: Comics",
    "question": "Found in the Marvel Comics fictional universe, what is the name of the nearly indestructible metal that coats Wolverine&#039;s bones and claws?",
    "correct_answer": "Adamantium",
    "incorrect_answers": ["Titanium", "Vibranium", "Carbonadium"]
  },
  {
    "type": "multiple",
    "difficulty": "medium",
    "category": "Entertainment: Comics",
    "question": "What is the name of the main character in the webcomic Gunnerkrigg Court by Tom Siddell?",
    "correct_answer": "Antimony",
    "incorrect_answers": ["Bismuth", "Mercury", "Cobalt"]
  },
  {
    "type": "multiple",
    "difficulty": "medium",
    "category": "Entertainment: Comics",
    "question": "Which issue of the &quot;Sonic the Hedgehog&quot; comic did Scourge the Hedgehog make his first appearance?",
    "correct_answer": "Sonic the Hedgehog #11",
    "incorrect_answers": [
      "Sonic Universe #32",
      "Sonic the Hedgehog #161",
      "Sonic the Hedgehog #47"
    ]
  },
  {
    "type": "multiple",
    "difficulty": "medium",
    "category": "Entertainment: Comics",
    "question": "Who is the second person to take up the mantle of Night Owl in the Watchmen graphic novel?",
    "correct_answer": "Daniel Dreiberg",
    "incorrect_answers": ["Nelson Gardner", "Hollis Mason", "Adrian Veidt"]
  },
  {
    "type": "multiple",
    "difficulty": "hard",
    "category": "Entertainment: Comics",
    "question": "In the Homestuck Series, what is the alternate name for the Kingdom of Lights?",
    "correct_answer": "Prospit",
    "incorrect_answers": ["No Name", "Golden City", "Yellow Moon"]
  },
  {
    "type": "multiple",
    "difficulty": "hard",
    "category": "Entertainment: Comics",
    "question": "In 1978, Superman teamed up with what celebrity, to defeat an alien invasion?",
    "correct_answer": "Muhammad Ali",
    "incorrect_answers": [
      "Mike Tyson",
      "Sylvester Stallone",
      "Arnold Schwarzenegger"
    ]
  },
  {
    "type": "multiple",
    "difficulty": "hard",
    "category": "Entertainment: Comics",
    "question": "Which of the following rings from the DC Comics&#039; &quot;Lantern Corps&quot; are classified as Parasitic?",
    "correct_answer": "Indigo (Compassion)",
    "incorrect_answers": ["Green (Willpower)", "White (Life)", "Yellow (Fear)"]
  },
  {
    "type": "multiple",
    "difficulty": "hard",
    "category": "Entertainment: Comics",
    "question": "What are the names of the two &quot;Canon fan trolls&quot; in &quot;Homestuck&quot;?",
    "correct_answer": "Mierfa Durgas and Nektan Whelan",
    "incorrect_answers": [
      "The Wrycrown and Voksea Olkido",
      "Aikter Frekik and Xagrai Ollomu",
      "Grekei Ceknux and Riya Camacho"
    ]
  },
  {
    "type": "multiple",
    "difficulty": "medium",
    "category": "Entertainment: Comics",
    "question": "Which Batman sidekick is the son of Talia al Ghul?",
    "correct_answer": "Damian Wayne",
    "incorrect_answers": ["Dick Grayson", "Tim Drake", "Jason Todd"]
  },
  {
    "type": "multiple",
    "difficulty": "hard",
    "category": "Entertainment: Comics",
    "question": "What are the Three Virtues of Bionicle?",
    "correct_answer": "Unity, Duty, Destiny",
    "incorrect_answers": [
      "Build, Play, Change",
      "Work, Play, Live",
      "Forge, Build, Fight"
    ]
  },
  {
    "type": "multiple",
    "difficulty": "medium",
    "category": "Entertainment: Comics",
    "question": "What is the name of the comic about a young boy, and a tiger who is actually a stuffed animal?",
    "correct_answer": "Calvin and Hobbes",
    "incorrect_answers": ["Winnie the Pooh", "Albert and Pogo", "Peanuts"]
  },
  {
    "type": "multiple",
    "difficulty": "medium",
    "category": "Entertainment: Comics",
    "question": "In Black Hammer, what dimension does Colonel Weird travel through?",
    "correct_answer": "Para-Zone",
    "incorrect_answers": ["Hyperspace", "Mirror Universe", "Phantom Zone"]
  },
  {
    "type": "multiple",
    "difficulty": "hard",
    "category": "Entertainment: Comics",
    "question": "What year was the first San Diego Comic-Con?",
    "correct_answer": "1970",
    "incorrect_answers": ["2000", "1990", "1985"]
  },
  {
    "type": "boolean",
    "difficulty": "easy",
    "category": "Entertainment: Comics",
    "question": "The &quot;Pepe&quot; meme originated from a comic drawn by Matt Furie called &quot;Boy&#039;s Club&quot;?",
    "correct_answer": "True",
    "incorrect_answers": ["False"]
  },
  {
    "type": "multiple",
    "difficulty": "medium",
    "category": "Entertainment: Comics",
    "question": "What otherworldly land does Thor come from?",
    "correct_answer": "Asgard",
    "incorrect_answers": ["Midgard", "Jotunheim", "Sovengarde"]
  },
  {
    "type": "multiple",
    "difficulty": "medium",
    "category": "Entertainment: Comics",
    "question": "Who authored The Adventures of Tintin?",
    "correct_answer": "Herg&eacute;",
    "incorrect_answers": ["E.P. Jacobs", "Rin Tin Tin", "Chic Young"]
  },
  {
    "type": "multiple",
    "difficulty": "hard",
    "category": "Entertainment: Comics",
    "question": "In the &quot;Archie&quot; comics, who was Jughead&#039;s first girlfriend?",
    "correct_answer": "Joani",
    "incorrect_answers": ["Ethel", "Debbi", "Margret"]
  },
  {
    "type": "multiple",
    "difficulty": "hard",
    "category": "Entertainment: Comics",
    "question": "Better known by his nickname Logan, what is Wolverine&#039;s birth name?",
    "correct_answer": "James Howlett",
    "incorrect_answers": ["Logan Wolf", "Thomas Wilde", "John Savage"]
  },
  {
    "type": "multiple",
    "difficulty": "hard",
    "category": "Entertainment: Comics",
    "question": "When Batman trolls the online chat rooms, what alias does he use?",
    "correct_answer": "JonDoe297",
    "incorrect_answers": ["iAmBatman", "BWayne13", "BW1129"]
  },
  {
    "type": "multiple",
    "difficulty": "easy",
    "category": "Entertainment: Comics",
    "question": "What is the full first name of the babysitter in Calvin and Hobbes?",
    "correct_answer": "Rosalyn",
    "incorrect_answers": ["Rose", "Ruby", "Rachel"]
  },
  {
    "type": "multiple",
    "difficulty": "easy",
    "category": "Entertainment: Comics",
    "question": "In Black Hammer, what city did the heroes save from the Anti-God?",
    "correct_answer": "Spiral City",
    "incorrect_answers": ["Mega-City One", "Rockwood", "Star City"]
  },
  {
    "type": "multiple",
    "difficulty": "easy",
    "category": "Entertainment: Comics",
    "question": "When was Marvel Comics founded?",
    "correct_answer": "1939",
    "incorrect_answers": ["1932", "1951", "1936"]
  },
  {
    "type": "multiple",
    "difficulty": "medium",
    "category": "Entertainment: Comics",
    "question": "Which of the following superheros did Wonder Woman NOT have a love interest in?",
    "correct_answer": "Green Arrow",
    "incorrect_answers": ["Superman", "Batman", "Steve Trevor"]
  },
  {
    "type": "multiple",
    "difficulty": "medium",
    "category": "Entertainment: Comics",
    "question": "Who was the first American Vampire (Scott Snyder&#039;s American Vampire)?",
    "correct_answer": "Skinner Sweet",
    "incorrect_answers": [
      "Hattie Hargrove",
      "Pearl Jones",
      "James &quot;Jim&quot; Book"
    ]
  },
  {
    "type": "multiple",
    "difficulty": "easy",
    "category": "Entertainment: Comics",
    "question": "What is the alter-ego of the DC comics character &quot;Superman&quot;?",
    "correct_answer": "Clark Kent",
    "incorrect_answers": ["Bruce Wayne", "Arthur Curry", "John Jones"]
  },
  {
    "type": "multiple",
    "difficulty": "hard",
    "category": "Entertainment: Comics",
    "question": "In what Homestuck Update was [S] Game Over released?",
    "correct_answer": "October 25th, 2014",
    "incorrect_answers": [
      "April 13th, 2009",
      "April 8th, 2012",
      "August 28th, 2003"
    ]
  },
  {
    "type": "multiple",
    "difficulty": "medium",
    "category": "Entertainment: Comics",
    "question": "In Calvin and Hobbes, what is the name of the babysitter&#039;s boyfriend?",
    "correct_answer": "Charlie",
    "incorrect_answers": ["Dave", "Charles", "Nathaniel"]
  },
  {
    "type": "multiple",
    "difficulty": "easy",
    "category": "Entertainment: Comics",
    "question": "Who is Batman?",
    "correct_answer": "Bruce Wayne",
    "incorrect_answers": ["Clark Kent", "Barry Allen", "Tony Stark"]
  },
  {
    "type": "multiple",
    "difficulty": "medium",
    "category": "Entertainment: Comics",
    "question": "What is the designation given to the Marvel Cinematic Universe?",
    "correct_answer": "Earth-199999",
    "incorrect_answers": ["Earth-616", "Earth-10005", "Earth-2008"]
  },
  {
    "type": "multiple",
    "difficulty": "medium",
    "category": "Entertainment: Comics",
    "question": "What&#039;s the weakness of american vampires (Scott Snyder&#039;s American Vampire)?",
    "correct_answer": "Gold",
    "incorrect_answers": ["Sunlight", "Wood", "Silver"]
  },
  {
    "type": "multiple",
    "difficulty": "medium",
    "category": "Entertainment: Comics",
    "question": "Who created Ultron of Earth-616?",
    "correct_answer": "Henry Pym",
    "incorrect_answers": ["Amadeus Cho", "Tony Stark", "Reed Richards"]
  },
  {
    "type": "multiple",
    "difficulty": "easy",
    "category": "Entertainment: Comics",
    "question": "Which one of these superhero teams appears in the Invincible comics?",
    "correct_answer": "Guardians of the Globe",
    "incorrect_answers": [
      "Avengers",
      "Justice League",
      "Teenage Mutant Ninja Turtles"
    ]
  },
  {
    "type": "multiple",
    "difficulty": "medium",
    "category": "Entertainment: Comics",
    "question": "What is Homestuck character Gamzee&#039;s last name?",
    "correct_answer": "Makara",
    "incorrect_answers": ["Makera", "Makare", "Makrea"]
  },
  {
    "type": "multiple",
    "difficulty": "hard",
    "category": "Entertainment: Comics",
    "question": "Which pulp hero made appearances in Hellboy and BPRD comics before getting his own spin-off?",
    "correct_answer": "Lobster Johnson",
    "incorrect_answers": ["Roger the Homunculus", "The Spider", "The Wendigo"]
  },
  {
    "type": "multiple",
    "difficulty": "hard",
    "category": "Entertainment: Comics",
    "question": "In the Batman comics, by what other name is the villain Dr. Jonathan Crane known?",
    "correct_answer": "Scarecrow",
    "incorrect_answers": ["Bane", "Calendar Man", "Clayface"]
  },
  {
    "type": "boolean",
    "difficulty": "medium",
    "category": "Entertainment: Comics",
    "question": "In the webcomic Homestuck, the first character introduced is Dave Strider.",
    "correct_answer": "False",
    "incorrect_answers": ["True"]
  },
  {
    "type": "boolean",
    "difficulty": "hard",
    "category": "Entertainment: Comics",
    "question": "In the comic book &quot;Archie&quot;, Betty is friends with Veronica because she is rich.",
    "correct_answer": "False",
    "incorrect_answers": ["True"]
  }
]
