[
  {
    "type": "multiple",
    "difficulty": "hard",
    "category": "Entertainment: Musicals &amp; Theatres",
    "question": "After England, more Shakespeare plays are set in this present day country than in any other.",
    "correct_answer": "Italy",
    "incorrect_answers": ["United States", "Greece", "France"]
  },
  {
    "type": "multiple",
    "difficulty": "hard",
    "category": "Entertainment: Musicals &amp; Theatres",
    "question": "In Macbeth, the eyes of what animals were used in the Witches&#039; cauldron?",
    "correct_answer": "Newts",
    "incorrect_answers": ["Humans", "Sharks", "Squids"]
  },
  {
    "type": "multiple",
    "difficulty": "medium",
    "category": "Entertainment: Musicals &amp; Theatres",
    "question": "The World Chess Championship in Chess, Act 1 is set in which Italian city?",
    "correct_answer": "Merano",
    "incorrect_answers": ["Venice", "Milan", "Rome"]
  },
  {
    "type": "multiple",
    "difficulty": "medium",
    "category": "Entertainment: Musicals &amp; Theatres",
    "question": "The Andrew Lloyd Webber musical &quot;Cats&quot; is based off a book of poems written by which author?",
    "correct_answer": "T.S. Elliot",
    "incorrect_answers": [
      "Andrew Lloyd Webber",
      "Emily Dickenson",
      "Robert Frost"
    ]
  },
  {
    "type": "multiple",
    "difficulty": "medium",
    "category": "Entertainment: Musicals &amp; Theatres",
    "question": "Who played Marquis de Lafayette and Thomas Jefferson in the original Broadway run of Hamilton?",
    "correct_answer": "Daveed Diggs",
    "incorrect_answers": [
      "Lin-Manuel Miranda",
      "Javier Mu&ntilde;oz",
      "Wayne Brady"
    ]
  },
  {
    "type": "multiple",
    "difficulty": "easy",
    "category": "Entertainment: Musicals &amp; Theatres",
    "question": "What is Jean ValJean&#039;s first prisoner number?",
    "correct_answer": "24601",
    "incorrect_answers": ["9430", "1729", "32769"]
  },
  {
    "type": "multiple",
    "difficulty": "easy",
    "category": "Entertainment: Musicals &amp; Theatres",
    "question": "In Shakespeare&#039;s play Julius Caesar, Caesar&#039;s last words were...",
    "correct_answer": "Et tu, Brute? ",
    "incorrect_answers": [
      "Iacta alea est!",
      "Vidi, vini, vici.",
      "Aegri somnia vana."
    ]
  },
  {
    "type": "boolean",
    "difficulty": "easy",
    "category": "Entertainment: Musicals &amp; Theatres",
    "question": "IMAX stands for Image Maximum.",
    "correct_answer": "True",
    "incorrect_answers": ["False"]
  },
  {
    "type": "multiple",
    "difficulty": "easy",
    "category": "Entertainment: Musicals &amp; Theatres",
    "question": "How many plays is Shakespeare generally considered to have written?",
    "correct_answer": "37",
    "incorrect_answers": ["18", "54", "25"]
  },
  {
    "type": "multiple",
    "difficulty": "hard",
    "category": "Entertainment: Musicals &amp; Theatres",
    "question": "Who played &quot;Charlie Price&quot; in the musical &quot;Kinky Boots&quot; on Broadway in New York from May 26th - Aug 6th 2017?",
    "correct_answer": "Brendon Urie",
    "incorrect_answers": ["Ed Sheeren", "Tom Cruise", "Dallon Weekes"]
  },
  {
    "type": "multiple",
    "difficulty": "medium",
    "category": "Entertainment: Musicals &amp; Theatres",
    "question": "Which of the following is not a piece from the 1950&#039;s musical West Side Story?",
    "correct_answer": "The Back Alley",
    "incorrect_answers": ["Maria", "Tonight", "Mambo"]
  },
  {
    "type": "multiple",
    "difficulty": "hard",
    "category": "Entertainment: Musicals &amp; Theatres",
    "question": "In Les Mis&eacute;rables, who is Prison Code 24601?",
    "correct_answer": "Jean Valjean",
    "incorrect_answers": ["Marius Pontmercy", "Javert", "Jean Claude Van Damme"]
  },
  {
    "type": "multiple",
    "difficulty": "hard",
    "category": "Entertainment: Musicals &amp; Theatres",
    "question": "Who wrote the lyrics for Leonard Bernstein&#039;s 1957 Brodway musical West Side Story?",
    "correct_answer": "Stephen Sondheim",
    "incorrect_answers": ["Himself", "Oscar Hammerstein", "Richard Rodgers"]
  },
  {
    "type": "boolean",
    "difficulty": "easy",
    "category": "Entertainment: Musicals &amp; Theatres",
    "question": "In the play Oedipus Rex, Oedipus kills his father due to jealousy in loving his mother.",
    "correct_answer": "False",
    "incorrect_answers": ["True"]
  },
  {
    "type": "boolean",
    "difficulty": "hard",
    "category": "Entertainment: Musicals &amp; Theatres",
    "question": "The protagonist&#039;s names in &#039;Who&#039;s Afraid of Virginia Woolf&#039;, George and Martha, were derived from George Washington and his wife.",
    "correct_answer": "True",
    "incorrect_answers": ["False"]
  },
  {
    "type": "multiple",
    "difficulty": "easy",
    "category": "Entertainment: Musicals &amp; Theatres",
    "question": "Who wrote the play &#039;Angels in America&#039;?",
    "correct_answer": "Tony Kusher",
    "incorrect_answers": ["Tom Stoppard", "Matthew Lopez", "Anthony Neilson"]
  },
  {
    "type": "multiple",
    "difficulty": "easy",
    "category": "Entertainment: Musicals &amp; Theatres",
    "question": "Which Shakespeare play inspired the musical &#039;West Side Story&#039;?",
    "correct_answer": "Romeo &amp; Juliet",
    "incorrect_answers": ["Hamlet", "Macbeth", "Othello"]
  },
  {
    "type": "multiple",
    "difficulty": "medium",
    "category": "Entertainment: Musicals &amp; Theatres",
    "question": "In which Shakespeare play does the character Marcellus say, &quot;Something is rotten in the state of Denmark&quot;?",
    "correct_answer": "Hamlet",
    "incorrect_answers": ["Macbeth", "King Lear", "Twelfth Night"]
  },
  {
    "type": "multiple",
    "difficulty": "hard",
    "category": "Entertainment: Musicals &amp; Theatres",
    "question": "What is the name of Broadway&#039;s first &quot;long-run&quot; musical?",
    "correct_answer": "The Elves",
    "incorrect_answers": ["Wicked", "Hamilton", "The Book of Mormon"]
  },
  {
    "type": "multiple",
    "difficulty": "medium",
    "category": "Entertainment: Musicals &amp; Theatres",
    "question": "The musical &quot;Dirty Rotten Scoundrels&quot; is set in what country?",
    "correct_answer": "France",
    "incorrect_answers": ["USA", "Germany", "Sweden"]
  },
  {
    "type": "multiple",
    "difficulty": "easy",
    "category": "Entertainment: Musicals &amp; Theatres",
    "question": "&quot;Doctor Who&quot; star David Tennant performed in a rendition of which Shakespearean play?",
    "correct_answer": "Hamlet",
    "incorrect_answers": ["The Tempest", "Othello", "The Taming of the Shrew"]
  },
  {
    "type": "multiple",
    "difficulty": "medium",
    "category": "Entertainment: Musicals &amp; Theatres",
    "question": "What play is the quote &quot;Hell is other people&quot; from?",
    "correct_answer": "No Exit",
    "incorrect_answers": [
      "The Devil and the Good Lord",
      "The Condemned of Altona",
      "The Flies"
    ]
  },
  {
    "type": "multiple",
    "difficulty": "medium",
    "category": "Entertainment: Musicals &amp; Theatres",
    "question": "When was the play &quot;Macbeth&quot; written?",
    "correct_answer": "1606",
    "incorrect_answers": ["1605", "1723", "1628"]
  },
  {
    "type": "multiple",
    "difficulty": "medium",
    "category": "Entertainment: Musicals &amp; Theatres",
    "question": "In Jeff Wayne&#039;s Musical Version of War of the Worlds, the chances of anything coming from Mars are...",
    "correct_answer": "A million to one",
    "incorrect_answers": [
      "A billion to one",
      "A trillion to one",
      "A hundred to one"
    ]
  },
  {
    "type": "multiple",
    "difficulty": "medium",
    "category": "Entertainment: Musicals &amp; Theatres",
    "question": "What was George Bizet&#039;s last opera?",
    "correct_answer": "Carmen",
    "incorrect_answers": [
      "Don Rodrigue",
      "Gris&eacute;lidis",
      "Les p&ecirc;cheurs de perles"
    ]
  },
  {
    "type": "multiple",
    "difficulty": "hard",
    "category": "Entertainment: Musicals &amp; Theatres",
    "question": "Which Shakespeare play features the stage direction &quot;Enter a messenger, with two heads and a hand&quot;?",
    "correct_answer": "Titus Andronicus",
    "incorrect_answers": ["Othello", "Macbeth", "King Lear"]
  },
  {
    "type": "multiple",
    "difficulty": "hard",
    "category": "Entertainment: Musicals &amp; Theatres",
    "question": "Who serves as the speaker of the prologue in Shakespeare&#039;s Romeo and Juliet?",
    "correct_answer": "Chorus",
    "incorrect_answers": ["Montague", "Refrain", "Capulet"]
  },
  {
    "type": "multiple",
    "difficulty": "hard",
    "category": "Entertainment: Musicals &amp; Theatres",
    "question": "Which of these plays was famously first performed posthumously after the playwright committed suicide?",
    "correct_answer": "4.48 Psychosis",
    "incorrect_answers": [
      "Hamilton",
      "Much Ado About Nothing",
      "The Birthday Party"
    ]
  },
  {
    "type": "multiple",
    "difficulty": "medium",
    "category": "Entertainment: Musicals &amp; Theatres",
    "question": "Who is the musical director for the award winning musical &quot;Hamilton&quot;?",
    "correct_answer": "Alex Lacamoire",
    "incorrect_answers": [
      "Lin-Manuel Miranda",
      "Renee Elise-Goldberry",
      "Leslie Odom Jr."
    ]
  },
  {
    "type": "multiple",
    "difficulty": "easy",
    "category": "Entertainment: Musicals &amp; Theatres",
    "question": "Who wrote the award winning musical &quot;In The Heights&quot;?",
    "correct_answer": "Lin-Manuel Miranda",
    "incorrect_answers": [
      "Steven Sondheim",
      "Francis Scott Key",
      "John Phillips Sousa"
    ]
  },
  {
    "type": "multiple",
    "difficulty": "medium",
    "category": "Entertainment: Musicals &amp; Theatres",
    "question": "Which of these musicals won the Tony Award for Best Musical?",
    "correct_answer": "Rent",
    "incorrect_answers": ["The Color Purple", "American Idiot", "Newsies"]
  },
  {
    "type": "multiple",
    "difficulty": "medium",
    "category": "Entertainment: Musicals &amp; Theatres",
    "question": "In which Shakespearean play will you find the suicide of Ophelia?",
    "correct_answer": "Hamlet",
    "incorrect_answers": ["Macbeth", "Othello", "King Lear"]
  }
]
