[
  {
    "type": "multiple",
    "difficulty": "easy",
    "category": "Entertainment: Books",
    "question": "Which famous spy novelist wrote the childrens&#039; story &quot;Chitty-Chitty-Bang-Bang&quot;?",
    "correct_answer": "Ian Fleming",
    "incorrect_answers": ["Joseph Conrad", "John Buchan", "Graham Greene"]
  },
  {
    "type": "multiple",
    "difficulty": "hard",
    "category": "Entertainment: Books",
    "question": "Abel Magwitch is a character from which Charles Dickens novel?",
    "correct_answer": "Great Expectations",
    "incorrect_answers": [
      "The Pickwick Papers",
      "Nicholas Nickleby",
      "Oliver Twist"
    ]
  },
  {
    "type": "boolean",
    "difficulty": "easy",
    "category": "Entertainment: Books",
    "question": "&quot;Green Eggs and Ham&quot; consists of only 50 different words.",
    "correct_answer": "True",
    "incorrect_answers": ["False"]
  },
  {
    "type": "multiple",
    "difficulty": "hard",
    "category": "Entertainment: Books",
    "question": "The novel &quot;Jane Eyre&quot; was written by what author? ",
    "correct_answer": "Charlotte Bront&euml;",
    "incorrect_answers": [
      "Emily Bront&euml;",
      "Jane Austen",
      "Louisa May Alcott"
    ]
  },
  {
    "type": "multiple",
    "difficulty": "hard",
    "category": "Entertainment: Books",
    "question": "What is Hermione Granger&#039;s middle name?",
    "correct_answer": "Jean",
    "incorrect_answers": ["Jane", "Emma", "Jo"]
  },
  {
    "type": "multiple",
    "difficulty": "medium",
    "category": "Entertainment: Books",
    "question": "The book &quot;The Little Prince&quot; was written by...",
    "correct_answer": "Antoine de Saint-Exup&eacute;ry",
    "incorrect_answers": [
      "Miguel de Cervantes Saavedra",
      "Jane Austen",
      "F. Scott Fitzgerald"
    ]
  },
  {
    "type": "multiple",
    "difficulty": "medium",
    "category": "Entertainment: Books",
    "question": "What is the name of Eragon&#039;s dragon in &quot;Eragon&quot;?",
    "correct_answer": "Saphira",
    "incorrect_answers": ["Glaedr", "Thorn", "Arya"]
  },
  {
    "type": "multiple",
    "difficulty": "easy",
    "category": "Entertainment: Books",
    "question": "Who was the author of the 1954 novel, &quot;Lord of the Flies&quot;?",
    "correct_answer": "William Golding",
    "incorrect_answers": ["Stephen King", "F. Scott Fitzgerald", "Hunter Fox"]
  },
  {
    "type": "multiple",
    "difficulty": "medium",
    "category": "Entertainment: Books",
    "question": "In &quot;Little Women&quot;, which of the March sisters married Laurie?",
    "correct_answer": "Amy",
    "incorrect_answers": ["Beth", "Jo", "Meg"]
  },
  {
    "type": "multiple",
    "difficulty": "hard",
    "category": "Entertainment: Books",
    "question": "In Margaret Atwood&#039;s &quot;The Handmaid&#039;s Tale&quot;, what is Offred&#039;s real name is implied to be?",
    "correct_answer": "June",
    "incorrect_answers": ["August", "April", "May"]
  },
  {
    "type": "boolean",
    "difficulty": "easy",
    "category": "Entertainment: Books",
    "question": "The book 1984 was published in 1949.",
    "correct_answer": "True",
    "incorrect_answers": ["False"]
  },
  {
    "type": "multiple",
    "difficulty": "medium",
    "category": "Entertainment: Books",
    "question": "The title of Adolf Hitler&#039;s autobiography &quot;Mein Kampf&quot; is what when translated to English?",
    "correct_answer": "My Struggle",
    "incorrect_answers": ["My Hatred", "My Sadness", "My Desire"]
  },
  {
    "type": "boolean",
    "difficulty": "easy",
    "category": "Entertainment: Books",
    "question": "The Harry Potter series of books, combined, are over 1,000,000 words in length.",
    "correct_answer": "True",
    "incorrect_answers": ["False"]
  },
  {
    "type": "multiple",
    "difficulty": "hard",
    "category": "Entertainment: Books",
    "question": "In The Lies Of Locke Lamora, what does &quot;Lamora&quot; mean in Throne Therin?",
    "correct_answer": "Shadow",
    "incorrect_answers": ["Thievery", "Justice", "Chaos"]
  },
  {
    "type": "multiple",
    "difficulty": "medium",
    "category": "Entertainment: Books",
    "question": "Who wrote the &quot;A Song of Ice And Fire&quot; fantasy novel series?",
    "correct_answer": "George R. R. Martin",
    "incorrect_answers": ["George Lucas", "George Orwell", "George Eliot"]
  },
  {
    "type": "multiple",
    "difficulty": "medium",
    "category": "Entertainment: Books",
    "question": "The book &quot;Fahrenheit 451&quot; was written by whom?",
    "correct_answer": "Ray Bradbury",
    "incorrect_answers": [
      "R. L. Stine",
      "Wolfgang Amadeus Mozart",
      "Stephen King"
    ]
  },
  {
    "type": "multiple",
    "difficulty": "hard",
    "category": "Entertainment: Books",
    "question": "What is the name of the town in which Lily and James Potter are buried?",
    "correct_answer": "Godric&#039;s Hollow",
    "incorrect_answers": [
      "Hogsmeade",
      "Ottery St. Catchpole",
      "Little Hangleton"
    ]
  },
  {
    "type": "multiple",
    "difficulty": "easy",
    "category": "Entertainment: Books",
    "question": "What&#039;s Harry Potter&#039;s dad&#039;s name?",
    "correct_answer": "James Potter",
    "incorrect_answers": ["Joey Potter", "Frank Potter", "Hairy Potter Sr."]
  },
  {
    "type": "multiple",
    "difficulty": "easy",
    "category": "Entertainment: Books",
    "question": "Who wrote &quot;A Tale of Two Cities&quot;?",
    "correct_answer": "Charles Dickens",
    "incorrect_answers": ["Charles Darwin", "Mark Twain", "Roald Dahl"]
  },
  {
    "type": "multiple",
    "difficulty": "easy",
    "category": "Entertainment: Books",
    "question": "&quot;Green Eggs And Ham&quot; is a book by which author?",
    "correct_answer": "Dr. Seuss",
    "incorrect_answers": ["Beatrix Potter", "Roald Dahl", "A.A. Milne"]
  },
  {
    "type": "multiple",
    "difficulty": "medium",
    "category": "Entertainment: Books",
    "question": "In The Lies of Locke Lamora, what title is Locke known by in the criminal world?",
    "correct_answer": "The Thorn of Camorr",
    "incorrect_answers": [
      "The Rose of the Marrows",
      "The Thorn of Emberlain",
      "The Thorn of the Marrows"
    ]
  },
  {
    "type": "multiple",
    "difficulty": "easy",
    "category": "Entertainment: Books",
    "question": "What was the first ever entry written for the SCP Foundation collaborative writing project?",
    "correct_answer": "SCP-173",
    "incorrect_answers": ["SCP-001", "SCP-999", "SCP-1459"]
  },
  {
    "type": "boolean",
    "difficulty": "hard",
    "category": "Entertainment: Books",
    "question": "Harry Potter was born on July 31st, 1980.",
    "correct_answer": "True",
    "incorrect_answers": ["False"]
  },
  {
    "type": "multiple",
    "difficulty": "medium",
    "category": "Entertainment: Books",
    "question": "Who is the author of the series &quot;Malazan Book of the Fallen&quot;?",
    "correct_answer": "Steven Erikson",
    "incorrect_answers": [
      "Ian Cameron Esslemont",
      "George R. R. Martin",
      "J. R. R. Tolkien"
    ]
  },
  {
    "type": "multiple",
    "difficulty": "medium",
    "category": "Entertainment: Books",
    "question": "Which Russian author wrote the epic novel War and Peace?",
    "correct_answer": "Leo Tolstoy",
    "incorrect_answers": [
      "Fyodor Dostoyevsky",
      "Alexander Pushkin",
      "Vladimir Nabokov"
    ]
  },
  {
    "type": "multiple",
    "difficulty": "medium",
    "category": "Entertainment: Books",
    "question": "What book series published by Jim Butcher follows a wizard in modern day Chicago?",
    "correct_answer": "The Dresden Files",
    "incorrect_answers": [
      "A Hat in Time",
      "The Cinder Spires",
      "My Life as a Teenage Wizard"
    ]
  },
  {
    "type": "multiple",
    "difficulty": "hard",
    "category": "Entertainment: Books",
    "question": "Where does the book &quot;The Silence of the Lambs&quot; get its title from?",
    "correct_answer": "The main character&#039;s trauma in childhood",
    "incorrect_answers": [
      "The relation it has with killing the innocents",
      "The villain&#039;s favourite meal",
      "The voice of innocent people being shut by the powerful"
    ]
  },
  {
    "type": "multiple",
    "difficulty": "hard",
    "category": "Entertainment: Books",
    "question": "In which classic novel by Mark Twain did a beggar and Prince of Wales switch clothes, and learn about social class inequality?",
    "correct_answer": "The Prince and the Pauper",
    "incorrect_answers": [
      "Hamlet",
      "Wealthy Boy and the Schmuck",
      "A Modern Twain Story"
    ]
  },
  {
    "type": "multiple",
    "difficulty": "easy",
    "category": "Entertainment: Books",
    "question": "What is the name of Sherlock Holmes&#039;s brother?",
    "correct_answer": "Mycroft Holmes",
    "incorrect_answers": [
      "Mederi Holmes",
      "Martin Holmes",
      "Herbie Hancock Holmes"
    ]
  },
  {
    "type": "multiple",
    "difficulty": "medium",
    "category": "Entertainment: Books",
    "question": "Which of these book series is by James Patterson?",
    "correct_answer": "Maximum Ride",
    "incorrect_answers": [
      "Harry Potter",
      "The Legend of Xanth",
      "The Bartemaeus Trilogy"
    ]
  },
  {
    "type": "multiple",
    "difficulty": "medium",
    "category": "Entertainment: Books",
    "question": "Which of the following authors was not born in England? ",
    "correct_answer": "Arthur Conan Doyle",
    "incorrect_answers": ["Graham Greene", "H G Wells", "Arthur C Clarke"]
  },
  {
    "type": "multiple",
    "difficulty": "medium",
    "category": "Entertainment: Books",
    "question": "According to The Hitchhiker&#039;s Guide to the Galaxy book, the answer to life, the universe and everything else is...",
    "correct_answer": "42",
    "incorrect_answers": ["Loving everyone around you", "Chocolate", "Death"]
  },
  {
    "type": "multiple",
    "difficulty": "hard",
    "category": "Entertainment: Books",
    "question": "What is Ron Weasley&#039;s middle name?",
    "correct_answer": "Bilius",
    "incorrect_answers": ["Arthur", "John", "Dominic"]
  },
  {
    "type": "multiple",
    "difficulty": "medium",
    "category": "Entertainment: Books",
    "question": "In the &quot;Harry Potter&quot; novels, what must a Hogwarts student do to enter the Ravenclaw Common Room?",
    "correct_answer": "Answer a riddle",
    "incorrect_answers": [
      "Rhythmically tap barrels with a wand",
      "Speak a password",
      "Knock in sequence"
    ]
  },
  {
    "type": "multiple",
    "difficulty": "hard",
    "category": "Entertainment: Books",
    "question": "In the Magic: The Gathering universe, which plane does the Homelands expansion take place in?",
    "correct_answer": "Ulgrotha",
    "incorrect_answers": ["Bant", "Llanowar", "Tazeem"]
  },
  {
    "type": "multiple",
    "difficulty": "medium",
    "category": "Entertainment: Books",
    "question": "In the year 1818, novelist Mary Shelly is credited with writing a fiction novel and creating this infamous character.",
    "correct_answer": "Frankenstein&#039;s monster",
    "incorrect_answers": ["Dracula", "The Thing", "The Invisible Man"]
  },
  {
    "type": "multiple",
    "difficulty": "medium",
    "category": "Entertainment: Books",
    "question": "In Michael Crichton&#039;s novel &quot;Jurassic Park&quot;, John Hammond meets his demise at the claws of which dinosaur?",
    "correct_answer": "Procompsognathus",
    "incorrect_answers": ["Dilophosaurus", "Tyrannosaurus Rex", "Velociraptor"]
  },
  {
    "type": "multiple",
    "difficulty": "medium",
    "category": "Entertainment: Books",
    "question": "What is the make and model of the tour vehicles in &quot;Jurassic Park&quot; (1990)?",
    "correct_answer": "1989 Toyota Land Cruiser",
    "incorrect_answers": [
      "1989 Jeep Wrangler YJ Sahar",
      "1989 Ford Explorer XLT",
      "Mercedes M-Class"
    ]
  },
  {
    "type": "multiple",
    "difficulty": "medium",
    "category": "Entertainment: Books",
    "question": "What was the name of the Mysterious Island, in Jules Verne&#039;s &quot;The Mysterious Island&quot;?",
    "correct_answer": "Lincoln Island",
    "incorrect_answers": [
      "Vulcania Island",
      "Prometheus Island",
      "Neptune Island"
    ]
  },
  {
    "type": "multiple",
    "difficulty": "medium",
    "category": "Entertainment: Books",
    "question": "What was the last message of the Dolphins in &quot;The Hitchhiker&#039;s Guide to the Galaxy&quot;?",
    "correct_answer": "&quot;So long, and thanks for all the fish.&quot;",
    "incorrect_answers": [
      "&quot;The answer is 42.&quot;",
      "&quot;Land of the brave.&quot;",
      "&quot;Goodbye cruel world!&quot;"
    ]
  },
  {
    "type": "multiple",
    "difficulty": "hard",
    "category": "Entertainment: Books",
    "question": "In the book &quot;The Martian&quot;, how long was Mark Watney trapped on Mars (in Sols)?",
    "correct_answer": "549 Days",
    "incorrect_answers": ["765 Days", "401 Days", "324 Days"]
  },
  {
    "type": "multiple",
    "difficulty": "easy",
    "category": "Entertainment: Books",
    "question": "What is the title of the first Sherlock Holmes book by Arthur Conan Doyle?",
    "correct_answer": "A Study in Scarlet",
    "incorrect_answers": [
      "The Sign of the Four",
      "A Case of Identity",
      "The Doings of Raffles Haw"
    ]
  },
  {
    "type": "multiple",
    "difficulty": "easy",
    "category": "Entertainment: Books",
    "question": "Which famous book is sub-titled &#039;The Modern Prometheus&#039;?",
    "correct_answer": "Frankenstein",
    "incorrect_answers": [
      "Dracula",
      "The Strange Case of Dr. Jekyll and Mr. Hyde ",
      "The Legend of Sleepy Hollow"
    ]
  },
  {
    "type": "multiple",
    "difficulty": "medium",
    "category": "Entertainment: Books",
    "question": "Which of the following was the author of &quot;Username Evie&quot;?",
    "correct_answer": "Joe Sugg",
    "incorrect_answers": ["Zoe Sugg", "Joe Weller", "Alfie Deyes"]
  },
  {
    "type": "multiple",
    "difficulty": "hard",
    "category": "Entertainment: Books",
    "question": "Which author co-wrote &quot;The Communist Manifesto&quot; alongside Karl Marx?",
    "correct_answer": "Friedrich Engels",
    "incorrect_answers": ["Robert Owen", "Alexander Kerensky", "Paul Lafargue"]
  },
  {
    "type": "multiple",
    "difficulty": "medium",
    "category": "Entertainment: Books",
    "question": "How many books are in the Chronicles of Narnia series?",
    "correct_answer": "7",
    "incorrect_answers": ["6", "8", "5"]
  },
  {
    "type": "multiple",
    "difficulty": "easy",
    "category": "Entertainment: Books",
    "question": "What&#039;s the second book in George R. R. Martin&#039;s &#039;A Song of Ice and Fire&#039; series?",
    "correct_answer": "A Clash of Kings",
    "incorrect_answers": [
      "A Dance with Dragons",
      "A Storm of Swords",
      "A Feast for Crows"
    ]
  },
  {
    "type": "multiple",
    "difficulty": "medium",
    "category": "Entertainment: Books",
    "question": "Which American author was also a budding travel writer and wrote of his adventures with his dog Charley?",
    "correct_answer": "John Steinbeck",
    "incorrect_answers": [
      "F. Scott Fitzgerald",
      "Ernest Hemingway",
      "William Faulkner"
    ]
  },
  {
    "type": "multiple",
    "difficulty": "hard",
    "category": "Entertainment: Books",
    "question": "Which fictional English county was the setting for Thomas Hardy&#039;s novels?",
    "correct_answer": "Wessex",
    "incorrect_answers": ["Barsetshire", "Fulchester", "Ambridge"]
  },
  {
    "type": "boolean",
    "difficulty": "easy",
    "category": "Entertainment: Books",
    "question": "Stephen Chbosky wrote the book &#039;The Perks of Being A Wallflower&#039;.",
    "correct_answer": "True",
    "incorrect_answers": ["False"]
  },
  {
    "type": "multiple",
    "difficulty": "easy",
    "category": "Entertainment: Books",
    "question": "George Orwell wrote this book, which is often considered a statement on government oversight.",
    "correct_answer": "1984",
    "incorrect_answers": [
      "The Old Man and the Sea",
      "Catcher and the Rye",
      "To Kill a Mockingbird"
    ]
  },
  {
    "type": "multiple",
    "difficulty": "hard",
    "category": "Entertainment: Books",
    "question": "In the Harry Potter universe, who does Draco Malfoy end up marrying?",
    "correct_answer": "Astoria Greengrass",
    "incorrect_answers": [
      "Pansy Parkinson",
      "Millicent Bulstrode",
      "Hermione Granger"
    ]
  },
  {
    "type": "multiple",
    "difficulty": "medium",
    "category": "Entertainment: Books",
    "question": "By what name was the author Eric Blair better known?",
    "correct_answer": "George Orwell",
    "incorrect_answers": ["Aldous Huxley", "Ernest Hemingway", "Ray Bradbury"]
  },
  {
    "type": "multiple",
    "difficulty": "medium",
    "category": "Entertainment: Books",
    "question": "J.K. Rowling completed &quot;Harry Potter and the Deathly Hallows&quot; in which hotel in Edinburgh, Scotland?",
    "correct_answer": "The Balmoral",
    "incorrect_answers": [
      "The Dunstane Hotel",
      "Hotel Novotel",
      "Sheraton Grand Hotel &amp; Spa"
    ]
  },
  {
    "type": "multiple",
    "difficulty": "hard",
    "category": "Entertainment: Books",
    "question": "Which of these does Charlie NOT read in The Perks of Being a Wallflower?",
    "correct_answer": "The Grapes of Wrath",
    "incorrect_answers": ["Hamlet", "The Great Gatsby", "Peter Pan"]
  },
  {
    "type": "multiple",
    "difficulty": "hard",
    "category": "Entertainment: Books",
    "question": "In the Magic: The Gathering universe, the Fallen Empires expansion takes place on which continent?",
    "correct_answer": "Sarpadia",
    "incorrect_answers": ["Otaria", "Terisiare", "Shiv"]
  },
  {
    "type": "multiple",
    "difficulty": "medium",
    "category": "Entertainment: Books",
    "question": "In Alice in Wonderland, what is the name of Alice&#039;s kitten?",
    "correct_answer": "Dinah",
    "incorrect_answers": ["Oscar", "Heath", "Smokey"]
  },
  {
    "type": "multiple",
    "difficulty": "easy",
    "category": "Entertainment: Books",
    "question": "Who wrote &quot;Harry Potter&quot;?",
    "correct_answer": "J.K. Rowling",
    "incorrect_answers": [
      "J.R.R. Tolkien",
      "Terry Pratchett",
      "Daniel Radcliffe"
    ]
  },
  {
    "type": "multiple",
    "difficulty": "hard",
    "category": "Entertainment: Books",
    "question": "In the Magic: The Gathering universe,  the Antiquities, Ice Age, and Alliances expansions take place on which continent?",
    "correct_answer": "Terisiare",
    "incorrect_answers": ["Aerona", "Shiv", "Jamuraa"]
  },
  {
    "type": "multiple",
    "difficulty": "easy",
    "category": "Entertainment: Books",
    "question": "What is the name of the protagonist of J.D. Salinger&#039;s novel Catcher in the Rye?",
    "correct_answer": "Holden Caulfield",
    "incorrect_answers": ["Fletcher Christian", "Jay Gatsby", "Randall Flagg"]
  },
  {
    "type": "multiple",
    "difficulty": "easy",
    "category": "Entertainment: Books",
    "question": "Who wrote the young adult novel &quot;The Fault in Our Stars&quot;?",
    "correct_answer": "John Green",
    "incorrect_answers": [
      "Stephenie Meyer",
      "Suzanne Collins",
      "Stephen Chbosky"
    ]
  },
  {
    "type": "multiple",
    "difficulty": "medium",
    "category": "Entertainment: Books",
    "question": "Which novel by John Grisham was conceived on a road trip to Florida while thinking about stolen books with his wife?",
    "correct_answer": "Camino Island",
    "incorrect_answers": ["Rogue Lawyer", "Gray Mountain", "The Litigators"]
  },
  {
    "type": "multiple",
    "difficulty": "easy",
    "category": "Entertainment: Books",
    "question": "What was Sir Handel&#039;s original name in &quot;The Railway Series&quot; and it&#039;s animated counterpart &quot;Thomas and Friends?&quot;",
    "correct_answer": "Falcon",
    "incorrect_answers": ["Eagle", "Kyte", "Swallow"]
  },
  {
    "type": "multiple",
    "difficulty": "medium",
    "category": "Entertainment: Books",
    "question": "Which of the following is not a work authored by Fyodor Dostoevsky?",
    "correct_answer": "Anna Karenina",
    "incorrect_answers": [
      "Notes from the Underground",
      "Crime and Punishment",
      "The Brothers Karamazov"
    ]
  },
  {
    "type": "multiple",
    "difficulty": "medium",
    "category": "Entertainment: Books",
    "question": "The novel &quot;Of Mice And Men&quot; was written by what author? ",
    "correct_answer": "John Steinbeck ",
    "incorrect_answers": ["George Orwell", "Mark Twain ", "Harper Lee"]
  },
  {
    "type": "multiple",
    "difficulty": "medium",
    "category": "Entertainment: Books",
    "question": "In the Lord of the Rings, who is the father of the dwarf Gimli?",
    "correct_answer": "Gloin",
    "incorrect_answers": ["Thorin Oakenshield", "Bombur", "Dwalin"]
  },
  {
    "type": "multiple",
    "difficulty": "hard",
    "category": "Entertainment: Books",
    "question": "In the Beatrix Potter books, what type of animal is Tommy Brock?",
    "correct_answer": "Badger",
    "incorrect_answers": ["Fox", "Frog", "Rabbit"]
  },
  {
    "type": "multiple",
    "difficulty": "hard",
    "category": "Entertainment: Books",
    "question": "In which classic novel is there a character named Homer Simpson?",
    "correct_answer": "The Day of the Locust",
    "incorrect_answers": ["Catch-22", "Of Mice and Men", "A Separate Peace"]
  },
  {
    "type": "boolean",
    "difficulty": "easy",
    "category": "Entertainment: Books",
    "question": "&quot;Elementary, my dear Watson&quot; is a phrase that is never truly said within the Conan Doyle books of Sherlock Holmes.",
    "correct_answer": "True",
    "incorrect_answers": ["False"]
  },
  {
    "type": "multiple",
    "difficulty": "easy",
    "category": "Entertainment: Books",
    "question": "In the novel 1984, written by George Orwell, what is the name of the totalitarian regime that controls Oceania?",
    "correct_answer": "INGSOC",
    "incorrect_answers": [
      "Neo-Bolshevism",
      "Obliteration of the Self",
      "Earth Alliance"
    ]
  },
  {
    "type": "multiple",
    "difficulty": "hard",
    "category": "Entertainment: Books",
    "question": "In the book series &quot;Odd Thomas&quot;, Danny Jessup has what genetic disease? ",
    "correct_answer": " Osteogenesis Imperfecta",
    "incorrect_answers": [
      "Spinocerebellar ataxia",
      "Adrenoleukodystrophy",
      "Cystic Fibrosis"
    ]
  },
  {
    "type": "boolean",
    "difficulty": "medium",
    "category": "Entertainment: Books",
    "question": "Originally, the character Charlie from Charlie and the Chocolate Factory was going to be black.",
    "correct_answer": "True",
    "incorrect_answers": ["False"]
  },
  {
    "type": "multiple",
    "difficulty": "medium",
    "category": "Entertainment: Books",
    "question": "In Romance of the Three Kingdoms, who was not a member of the Peach Garden Oath?",
    "correct_answer": "Zhao Yun",
    "incorrect_answers": ["Liu Bei", "Guan Yu", "Zhang Fei"]
  },
  {
    "type": "multiple",
    "difficulty": "hard",
    "category": "Entertainment: Books",
    "question": "Which author and poet famously wrote the line, &quot;The female of the species is more deadly than the male&quot;?",
    "correct_answer": "Rudyard Kipling",
    "incorrect_answers": [
      "Edgar Allan Poe",
      "William Shakespeare",
      "William Wordsworth"
    ]
  },
  {
    "type": "multiple",
    "difficulty": "medium",
    "category": "Entertainment: Books",
    "question": "In Terry Pratchett&#039;s Discworld novel &#039;Wyrd Sisters&#039;, which of these are not one of the three main witches?",
    "correct_answer": "Winny Hathersham",
    "incorrect_answers": ["Granny Weatherwax", "Nanny Ogg", "Magrat Garlick"]
  },
  {
    "type": "multiple",
    "difficulty": "easy",
    "category": "Entertainment: Books",
    "question": "Who was the original author of Frankenstein?",
    "correct_answer": "Mary Shelley",
    "incorrect_answers": ["Edgar Allan Poe", "Bram Stoker", "H. P. Lovecraft"]
  },
  {
    "type": "multiple",
    "difficulty": "medium",
    "category": "Entertainment: Books",
    "question": "Who wrote the 1967 horror novel &quot;Rosemary&#039;s Baby&quot;?",
    "correct_answer": "Ira Levin",
    "incorrect_answers": ["Stephen King", "Robert Bloch", "Mary Shelley"]
  },
  {
    "type": "multiple",
    "difficulty": "easy",
    "category": "Entertainment: Books",
    "question": "How many Harry Potter books are there?",
    "correct_answer": "7",
    "incorrect_answers": ["8", "5", "6"]
  },
  {
    "type": "multiple",
    "difficulty": "medium",
    "category": "Entertainment: Books",
    "question": "In the &quot;The Hobbit&quot;, who kills Smaug?",
    "correct_answer": "Bard",
    "incorrect_answers": ["Bilbo Baggins", "Gandalf the Grey", "Frodo"]
  },
  {
    "type": "multiple",
    "difficulty": "hard",
    "category": "Entertainment: Books",
    "question": "In the Harry Potter universe, what is Cornelius Fudge&#039;s middle name?",
    "correct_answer": "Oswald",
    "incorrect_answers": ["James", "Harold", "Christopher"]
  },
  {
    "type": "multiple",
    "difficulty": "medium",
    "category": "Entertainment: Books",
    "question": "In the novel &quot;Lord of the Rings&quot;, how many rings of power were given to the race of man?",
    "correct_answer": "9",
    "incorrect_answers": ["5", "11", "13"]
  },
  {
    "type": "boolean",
    "difficulty": "easy",
    "category": "Entertainment: Books",
    "question": "The &quot;Berenstein Bears&quot; is the correct spelling of the educational children&#039;s book series&#039; name.",
    "correct_answer": "False",
    "incorrect_answers": ["True"]
  },
  {
    "type": "boolean",
    "difficulty": "hard",
    "category": "Entertainment: Books",
    "question": "In Harry Potter and the Deathly Hallows, Hermione destroyed the fourth Horcrux by stabbing it with the Sword of Gryffindor.",
    "correct_answer": "False",
    "incorrect_answers": ["True"]
  },
  {
    "type": "multiple",
    "difficulty": "medium",
    "category": "Entertainment: Books",
    "question": "What position does Harry Potter play in Quidditch?",
    "correct_answer": "Seeker",
    "incorrect_answers": ["Beater", "Chaser", "Keeper"]
  },
  {
    "type": "multiple",
    "difficulty": "easy",
    "category": "Entertainment: Books",
    "question": "What was the name of Captain Nemo&#039;s submarine in &quot;20,000 Leagues Under the Sea&quot;?",
    "correct_answer": "The Nautilus",
    "incorrect_answers": ["The Neptune", "The Poseidon  ", "The Atlantis"]
  },
  {
    "type": "multiple",
    "difficulty": "easy",
    "category": "Entertainment: Books",
    "question": "Who wrote the novel &#039;Fear And Loathing In Las Vegas&#039;?",
    "correct_answer": "Hunter S. Thompson",
    "incorrect_answers": [
      "F. Scott Fitzgerald",
      "Henry Miller",
      "William S. Burroughs"
    ]
  },
  {
    "type": "multiple",
    "difficulty": "easy",
    "category": "Entertainment: Books",
    "question": "Which is NOT a book in the Harry Potter Series?",
    "correct_answer": "The House Elf",
    "incorrect_answers": [
      "The Chamber of Secrets",
      "The Prisoner of Azkaban",
      "The Deathly Hallows"
    ]
  }
]
