[
  {
    "type": "multiple",
    "difficulty": "easy",
    "category": "General Knowledge",
    "question": "What does a funambulist walk on?",
    "correct_answer": "A Tight Rope",
    "incorrect_answers": ["Broken Glass", "Balls", "The Moon"]
  },
  {
    "type": "multiple",
    "difficulty": "easy",
    "category": "General Knowledge",
    "question": "Which of the following is the IATA code for Manchester Airport?",
    "correct_answer": "MAN",
    "incorrect_answers": ["EGLL", "LHR", "EGCC"]
  },
  {
    "type": "boolean",
    "difficulty": "easy",
    "category": "General Knowledge",
    "question": "Bulls are attracted to the color red.",
    "correct_answer": "False",
    "incorrect_answers": ["True"]
  },
  {
    "type": "boolean",
    "difficulty": "easy",
    "category": "General Knowledge",
    "question": "Pluto is a planet.",
    "correct_answer": "False",
    "incorrect_answers": ["True"]
  },
  {
    "type": "multiple",
    "difficulty": "easy",
    "category": "General Knowledge",
    "question": "Foie gras is a French delicacy typically made from what part of a duck or goose?",
    "correct_answer": "Liver",
    "incorrect_answers": ["Heart", "Stomach", "Intestines"]
  },
  {
    "type": "multiple",
    "difficulty": "easy",
    "category": "General Knowledge",
    "question": "What was the name of the WWF professional wrestling tag team made up of the wrestlers Ax and Smash?",
    "correct_answer": "Demolition",
    "incorrect_answers": [
      "The Dream Team",
      "The Bushwhackers",
      "The British Bulldogs"
    ]
  },
  {
    "type": "multiple",
    "difficulty": "easy",
    "category": "General Knowledge",
    "question": "How tall is the Burj Khalifa?",
    "correct_answer": "2,722 ft",
    "incorrect_answers": ["2,717 ft", "2,546 ft", "3,024 ft"]
  },
  {
    "type": "multiple",
    "difficulty": "easy",
    "category": "General Knowledge",
    "question": "When was the Playstation 3 released?",
    "correct_answer": "November 11, 2006",
    "incorrect_answers": [
      "January 8, 2007",
      "December 25, 2007",
      "July 16, 2006"
    ]
  },
  {
    "type": "multiple",
    "difficulty": "easy",
    "category": "General Knowledge",
    "question": "What is on display in the Madame Tussaud&#039;s museum in London?",
    "correct_answer": "Wax sculptures",
    "incorrect_answers": [
      "Designer clothing",
      "Unreleased film reels",
      "Vintage cars"
    ]
  },
  {
    "type": "multiple",
    "difficulty": "easy",
    "category": "General Knowledge",
    "question": "On a dartboard, what number is directly opposite No. 1?",
    "correct_answer": "19",
    "incorrect_answers": ["20", "12", "15"]
  },
  {
    "type": "multiple",
    "difficulty": "easy",
    "category": "General Knowledge",
    "question": "What is the Zodiac symbol for Gemini?",
    "correct_answer": "Twins",
    "incorrect_answers": ["Fish", "Scales", "Maiden"]
  },
  {
    "type": "multiple",
    "difficulty": "easy",
    "category": "General Knowledge",
    "question": "What type of animal was Harambe, who was shot after a child fell into it&#039;s enclosure at the Cincinnati Zoo?",
    "correct_answer": "Gorilla",
    "incorrect_answers": ["Tiger", "Panda", "Crocodile"]
  },
  {
    "type": "multiple",
    "difficulty": "easy",
    "category": "General Knowledge",
    "question": "Who invented the first ever chocolate bar, in 1847?",
    "correct_answer": "Joseph Fry",
    "incorrect_answers": ["Andrew Johnson", "John Cadbury", "John Tyler"]
  },
  {
    "type": "multiple",
    "difficulty": "easy",
    "category": "General Knowledge",
    "question": "The drug cartel run by Pablo Escobar originated in which South American city?",
    "correct_answer": "Medell&iacute;n",
    "incorrect_answers": ["Bogot&aacute;", "Quito", "Cali"]
  },
  {
    "type": "boolean",
    "difficulty": "easy",
    "category": "General Knowledge",
    "question": "The mitochondria is the powerhouse of the cell.",
    "correct_answer": "True",
    "incorrect_answers": ["False"]
  },
  {
    "type": "multiple",
    "difficulty": "easy",
    "category": "General Knowledge",
    "question": "Which candy is NOT made by Mars?",
    "correct_answer": "Almond Joy",
    "incorrect_answers": ["M&amp;M&#039;s", "Twix", "Snickers"]
  },
  {
    "type": "boolean",
    "difficulty": "easy",
    "category": "General Knowledge",
    "question": "The Sun rises from the North.",
    "correct_answer": "False",
    "incorrect_answers": ["True"]
  },
  {
    "type": "boolean",
    "difficulty": "easy",
    "category": "General Knowledge",
    "question": "The Lego Group was founded in 1932.",
    "correct_answer": "True",
    "incorrect_answers": ["False"]
  },
  {
    "type": "multiple",
    "difficulty": "easy",
    "category": "General Knowledge",
    "question": "Which of these Marvel games was released on the Playstation 2?",
    "correct_answer": "Spider-Man 2",
    "incorrect_answers": [
      "Silver Surfer",
      "Howard the Duck",
      "Wolverine: Adamantium Rage"
    ]
  },
  {
    "type": "multiple",
    "difficulty": "easy",
    "category": "General Knowledge",
    "question": "Which sign of the zodiac comes between Virgo and Scorpio?",
    "correct_answer": "Libra",
    "incorrect_answers": ["Gemini", "Taurus", "Capricorn"]
  },
  {
    "type": "multiple",
    "difficulty": "easy",
    "category": "General Knowledge",
    "question": "In aerodynamics, which force pushes an object upwards?",
    "correct_answer": "Lift",
    "incorrect_answers": ["Drag", "Weight", "Thrust"]
  },
  {
    "type": "multiple",
    "difficulty": "easy",
    "category": "General Knowledge",
    "question": "What is the largest organ of the human body?",
    "correct_answer": "Skin",
    "incorrect_answers": ["Heart", "large Intestine", "Liver"]
  },
  {
    "type": "multiple",
    "difficulty": "easy",
    "category": "General Knowledge",
    "question": "Area 51 is located in which US state?",
    "correct_answer": "Nevada",
    "incorrect_answers": ["Arizona", "New Mexico", "Utah"]
  },
  {
    "type": "multiple",
    "difficulty": "easy",
    "category": "General Knowledge",
    "question": "What is the official language of Brazil?",
    "correct_answer": "Portugese",
    "incorrect_answers": ["Brazilian", "Spanish", "English"]
  },
  {
    "type": "multiple",
    "difficulty": "easy",
    "category": "General Knowledge",
    "question": "The Flag of the European Union has how many stars on it?",
    "correct_answer": "12",
    "incorrect_answers": ["10", "14", "16"]
  },
  {
    "type": "multiple",
    "difficulty": "easy",
    "category": "General Knowledge",
    "question": "Virgin Trains, Virgin Atlantic and Virgin Racing, are all companies owned by which famous entrepreneur?   ",
    "correct_answer": "Richard Branson",
    "incorrect_answers": ["Alan Sugar", "Donald Trump", "Bill Gates"]
  },
  {
    "type": "multiple",
    "difficulty": "easy",
    "category": "General Knowledge",
    "question": "Five dollars is worth how many nickles?",
    "correct_answer": "100",
    "incorrect_answers": ["50", "25", "69"]
  },
  {
    "type": "multiple",
    "difficulty": "easy",
    "category": "General Knowledge",
    "question": "What geometric shape is generally used for stop signs?",
    "correct_answer": "Octagon",
    "incorrect_answers": ["Hexagon", "Circle", "Triangle"]
  },
  {
    "type": "multiple",
    "difficulty": "easy",
    "category": "General Knowledge",
    "question": "Which sign of the zodiac is represented by the Crab?",
    "correct_answer": "Cancer",
    "incorrect_answers": ["Libra", "Virgo", "Sagittarius"]
  },
  {
    "type": "multiple",
    "difficulty": "easy",
    "category": "General Knowledge",
    "question": "Which best selling toy of 1983 caused hysteria, resulting in riots breaking out in stores?",
    "correct_answer": "Cabbage Patch Kids",
    "incorrect_answers": ["Transformers", "Care Bears", "Rubik&rsquo;s Cube"]
  },
  {
    "type": "multiple",
    "difficulty": "easy",
    "category": "General Knowledge",
    "question": "What are Panama hats made out of?",
    "correct_answer": "Straw",
    "incorrect_answers": ["Silk", "Hemp", "Flax"]
  },
  {
    "type": "multiple",
    "difficulty": "easy",
    "category": "General Knowledge",
    "question": "When one is &quot;envious&quot;, they are said to be what color?",
    "correct_answer": "Green",
    "incorrect_answers": ["Red", "Blue", "Yellow"]
  },
  {
    "type": "multiple",
    "difficulty": "easy",
    "category": "General Knowledge",
    "question": "According to the nursery rhyme, what fruit did Little Jack Horner pull out of his Christmas pie?",
    "correct_answer": "Plum",
    "incorrect_answers": ["Apple", "Peach", "Pear"]
  },
  {
    "type": "boolean",
    "difficulty": "easy",
    "category": "General Knowledge",
    "question": "When you cry in space, your tears stick to your face.",
    "correct_answer": "True",
    "incorrect_answers": ["False"]
  },
  {
    "type": "boolean",
    "difficulty": "easy",
    "category": "General Knowledge",
    "question": "Vietnam&#039;s national flag is a red star in front of a yellow background.",
    "correct_answer": "False",
    "incorrect_answers": ["True"]
  },
  {
    "type": "boolean",
    "difficulty": "easy",
    "category": "General Knowledge",
    "question": "Romanian belongs to the Romance language family, shared with French, Spanish, Portuguese and Italian. ",
    "correct_answer": "True",
    "incorrect_answers": ["False"]
  },
  {
    "type": "boolean",
    "difficulty": "easy",
    "category": "General Knowledge",
    "question": "The National Animal of Scotland is the Unicorn.",
    "correct_answer": "True",
    "incorrect_answers": ["False"]
  },
  {
    "type": "multiple",
    "difficulty": "easy",
    "category": "General Knowledge",
    "question": "Who is the youngest person to recieve a Nobel Prize?",
    "correct_answer": "Malala Yousafzai",
    "incorrect_answers": [
      "Lawrence Bragg",
      "Werner Heisenberg",
      "Yasser Arafat"
    ]
  },
  {
    "type": "multiple",
    "difficulty": "easy",
    "category": "General Knowledge",
    "question": "What zodiac sign is represented by a pair of scales?",
    "correct_answer": "Libra",
    "incorrect_answers": ["Aries", "Capricorn", "Sagittarius"]
  },
  {
    "type": "multiple",
    "difficulty": "easy",
    "category": "General Knowledge",
    "question": "According to Sherlock Holmes, &quot;If you eliminate the impossible, whatever remains, however improbable, must be the...&quot;",
    "correct_answer": "Truth",
    "incorrect_answers": ["Answer", "Cause", "Source"]
  },
  {
    "type": "multiple",
    "difficulty": "easy",
    "category": "General Knowledge",
    "question": "What nuts are used in the production of marzipan?",
    "correct_answer": "Almonds",
    "incorrect_answers": ["Peanuts", "Walnuts", "Pistachios"]
  },
  {
    "type": "multiple",
    "difficulty": "easy",
    "category": "General Knowledge",
    "question": "What is the closest planet to our solar system&#039;s sun?",
    "correct_answer": "Mercury",
    "incorrect_answers": ["Mars", "Jupiter", "Earth"]
  },
  {
    "type": "boolean",
    "difficulty": "easy",
    "category": "General Knowledge",
    "question": "French is an official language in Canada.",
    "correct_answer": "True",
    "incorrect_answers": ["False"]
  },
  {
    "type": "multiple",
    "difficulty": "easy",
    "category": "General Knowledge",
    "question": "Which American president appears on a one dollar bill?",
    "correct_answer": "George Washington",
    "incorrect_answers": [
      "Thomas Jefferson",
      "Abraham Lincoln",
      "Benjamin Franklin"
    ]
  },
  {
    "type": "multiple",
    "difficulty": "easy",
    "category": "General Knowledge",
    "question": "In past times, what would a gentleman keep in his fob pocket?",
    "correct_answer": "Watch",
    "incorrect_answers": ["Money", "Keys", "Notebook"]
  },
  {
    "type": "multiple",
    "difficulty": "easy",
    "category": "General Knowledge",
    "question": "The &ldquo;fairy&rdquo; type made it&rsquo;s debut in which generation of the Pokemon core series games?",
    "correct_answer": "6th",
    "incorrect_answers": ["2nd", "7th", "4th"]
  },
  {
    "type": "multiple",
    "difficulty": "easy",
    "category": "General Knowledge",
    "question": "Earth is located in which galaxy?",
    "correct_answer": "The Milky Way Galaxy",
    "incorrect_answers": [
      "The Mars Galaxy",
      "The Galaxy Note",
      "The Black Hole"
    ]
  },
  {
    "type": "multiple",
    "difficulty": "easy",
    "category": "General Knowledge",
    "question": "Which one of these is not a typical European sword design?",
    "correct_answer": "Scimitar",
    "incorrect_answers": ["Falchion", "Ulfberht", "Flamberge"]
  },
  {
    "type": "multiple",
    "difficulty": "easy",
    "category": "General Knowledge",
    "question": "How would one say goodbye in Spanish?",
    "correct_answer": "Adi&oacute;s",
    "incorrect_answers": [" Hola", "Au Revoir", "Salir"]
  },
  {
    "type": "multiple",
    "difficulty": "easy",
    "category": "General Knowledge",
    "question": "What does VR stand for?",
    "correct_answer": "Virtual Reality",
    "incorrect_answers": [
      "Very Real",
      "Visual Recognition",
      "Voice Recognition"
    ]
  },
  {
    "type": "multiple",
    "difficulty": "easy",
    "category": "General Knowledge",
    "question": "How many colors are there in a rainbow?",
    "correct_answer": "7",
    "incorrect_answers": ["8", "9", "10"]
  },
  {
    "type": "boolean",
    "difficulty": "easy",
    "category": "General Knowledge",
    "question": "Gumbo is a stew that originated in Louisiana.",
    "correct_answer": "True",
    "incorrect_answers": ["False"]
  },
  {
    "type": "boolean",
    "difficulty": "easy",
    "category": "General Knowledge",
    "question": "Scotland voted to become an independent country during the referendum from September 2014.",
    "correct_answer": "False",
    "incorrect_answers": ["True"]
  },
  {
    "type": "boolean",
    "difficulty": "easy",
    "category": "General Knowledge",
    "question": "Nutella is produced by the German company Ferrero.",
    "correct_answer": "False",
    "incorrect_answers": ["True"]
  },
  {
    "type": "multiple",
    "difficulty": "easy",
    "category": "General Knowledge",
    "question": "What is the famous Papa John&#039;s last name?",
    "correct_answer": "Schnatter",
    "incorrect_answers": ["Chowder", "Williams", "ANDERSON"]
  },
  {
    "type": "multiple",
    "difficulty": "easy",
    "category": "General Knowledge",
    "question": "What was the nickname given to the Hughes H-4 Hercules, a heavy transport flying boat which achieved flight in 1947?",
    "correct_answer": "Spruce Goose",
    "incorrect_answers": ["Noah&#039;s Ark", "Fat Man", "Trojan Horse"]
  },
  {
    "type": "multiple",
    "difficulty": "easy",
    "category": "General Knowledge",
    "question": "Where is the train station &quot;Llanfair&shy;pwllgwyngyll&shy;gogery&shy;chwyrn&shy;drobwll&shy;llan&shy;tysilio&shy;gogo&shy;goch&quot;?",
    "correct_answer": "Wales",
    "incorrect_answers": ["Moldova", "Czech Republic", "Denmark"]
  },
  {
    "type": "boolean",
    "difficulty": "easy",
    "category": "General Knowledge",
    "question": "In 2010, Twitter and the United States Library of Congress partnered together to archive every tweet by American citizens.",
    "correct_answer": "True",
    "incorrect_answers": ["False"]
  },
  {
    "type": "multiple",
    "difficulty": "easy",
    "category": "General Knowledge",
    "question": "What is the name of Poland in Polish?",
    "correct_answer": "Polska",
    "incorrect_answers": ["Pupcia", "Polszka", "P&oacute;land"]
  },
  {
    "type": "boolean",
    "difficulty": "easy",
    "category": "General Knowledge",
    "question": "It is automatically considered entrapment in the United States if the police sell you illegal substances without revealing themselves.",
    "correct_answer": "False",
    "incorrect_answers": ["True"]
  },
  {
    "type": "boolean",
    "difficulty": "easy",
    "category": "General Knowledge",
    "question": "&quot;27 Club&quot; is a term used to refer to a list of famous actors, musicians, and artists who died at the age of 27.",
    "correct_answer": "True",
    "incorrect_answers": ["False"]
  },
  {
    "type": "multiple",
    "difficulty": "easy",
    "category": "General Knowledge",
    "question": "Who is the author of Jurrasic Park?",
    "correct_answer": "Michael Crichton",
    "incorrect_answers": ["Peter Benchley", "Chuck Paluhniuk", "Irvine Welsh"]
  },
  {
    "type": "multiple",
    "difficulty": "easy",
    "category": "General Knowledge",
    "question": "What do the letters in the GMT time zone stand for?",
    "correct_answer": "Greenwich Mean Time",
    "incorrect_answers": [
      "Global Meridian Time",
      "General Median Time",
      "Glasgow Man Time"
    ]
  },
  {
    "type": "boolean",
    "difficulty": "easy",
    "category": "General Knowledge",
    "question": "The color orange is named after the fruit.",
    "correct_answer": "True",
    "incorrect_answers": ["False"]
  },
  {
    "type": "multiple",
    "difficulty": "easy",
    "category": "General Knowledge",
    "question": "In Half-Life, what is the name of the alien that attaches to heads?",
    "correct_answer": "Headcrab",
    "incorrect_answers": ["Bullsquid", "Vortigaunt", "Facehugger"]
  },
  {
    "type": "multiple",
    "difficulty": "easy",
    "category": "General Knowledge",
    "question": "What is the Spanish word for &quot;donkey&quot;?",
    "correct_answer": "Burro",
    "incorrect_answers": ["Caballo", "Toro", "Perro"]
  },
  {
    "type": "multiple",
    "difficulty": "easy",
    "category": "General Knowledge",
    "question": "Red Vines is a brand of what type of candy?",
    "correct_answer": "Licorice",
    "incorrect_answers": ["Lollipop", "Chocolate", "Bubblegum"]
  },
  {
    "type": "multiple",
    "difficulty": "easy",
    "category": "General Knowledge",
    "question": "What is the first book of the Old Testament?",
    "correct_answer": "Genesis",
    "incorrect_answers": ["Exodus", "Leviticus", "Numbers"]
  },
  {
    "type": "multiple",
    "difficulty": "easy",
    "category": "General Knowledge",
    "question": "How many furlongs are there in a mile?",
    "correct_answer": "Eight",
    "incorrect_answers": ["Two", "Four", "Six"]
  },
  {
    "type": "multiple",
    "difficulty": "easy",
    "category": "General Knowledge",
    "question": "What was the first ever London Underground line to be built?",
    "correct_answer": "Metropolitan Line",
    "incorrect_answers": ["Circle Line", "Bakerloo Line", "Victoria Line"]
  },
  {
    "type": "boolean",
    "difficulty": "easy",
    "category": "General Knowledge",
    "question": "One of Donald Trump&#039;s 2016 Presidential Campaign promises was to build a border wall between the United States and Mexico.",
    "correct_answer": "True",
    "incorrect_answers": ["False"]
  },
  {
    "type": "boolean",
    "difficulty": "easy",
    "category": "General Knowledge",
    "question": "On average, at least 1 person is killed by a drunk driver in the United States every hour.",
    "correct_answer": "True",
    "incorrect_answers": ["False"]
  },
  {
    "type": "multiple",
    "difficulty": "easy",
    "category": "General Knowledge",
    "question": "What is the French word for &quot;hat&quot;?",
    "correct_answer": "Chapeau",
    "incorrect_answers": ["Bonnet", " &Eacute;charpe", " Casque"]
  },
  {
    "type": "multiple",
    "difficulty": "easy",
    "category": "General Knowledge",
    "question": "What alcoholic drink is made from molasses?",
    "correct_answer": "Rum",
    "incorrect_answers": ["Gin", "Vodka", "Whisky"]
  },
  {
    "type": "multiple",
    "difficulty": "easy",
    "category": "General Knowledge",
    "question": "In which fast food chain can you order a Jamocha Shake?",
    "correct_answer": "Arby&#039;s",
    "incorrect_answers": ["McDonald&#039;s", "Burger King", "Wendy&#039;s"]
  },
  {
    "type": "multiple",
    "difficulty": "easy",
    "category": "General Knowledge",
    "question": "The New York Times slogan is, &ldquo;All the News That&rsquo;s Fit to&hellip;&rdquo;",
    "correct_answer": "Print",
    "incorrect_answers": ["Digest", "Look", "Read"]
  },
  {
    "type": "multiple",
    "difficulty": "easy",
    "category": "General Knowledge",
    "question": "What is the name of NASA&rsquo;s most famous space telescope?",
    "correct_answer": "Hubble Space Telescope",
    "incorrect_answers": ["Big Eye", "Death Star", "Millenium Falcon"]
  },
  {
    "type": "multiple",
    "difficulty": "easy",
    "category": "General Knowledge",
    "question": "Which of the following presidents is not on Mount Rushmore?",
    "correct_answer": "John F. Kennedy",
    "incorrect_answers": [
      "Theodore Roosevelt",
      "Abraham Lincoln",
      "Thomas Jefferson"
    ]
  },
  {
    "type": "multiple",
    "difficulty": "easy",
    "category": "General Knowledge",
    "question": "The Canadian $1 coin is colloquially known as a what?",
    "correct_answer": "Loonie",
    "incorrect_answers": ["Boolie", "Foolie", "Moodie"]
  },
  {
    "type": "multiple",
    "difficulty": "easy",
    "category": "General Knowledge",
    "question": "What is the name of the company in Lethal Company?",
    "correct_answer": "The Company",
    "incorrect_answers": [
      "Planet Scrap Co.",
      "Lethal Robotics",
      "Gordian Shipping Co."
    ]
  },
  {
    "type": "multiple",
    "difficulty": "easy",
    "category": "General Knowledge",
    "question": "What is Tasmania?",
    "correct_answer": "An Australian State",
    "incorrect_answers": [
      "A flavor of Ben and Jerry&#039;s ice-cream",
      "A Psychological Disorder",
      "The Name of a Warner Brothers Cartoon Character"
    ]
  },
  {
    "type": "multiple",
    "difficulty": "easy",
    "category": "General Knowledge",
    "question": "Waluigi&#039;s first appearance was in what game?",
    "correct_answer": "Mario Tennis 64 (N64)",
    "incorrect_answers": [
      "Wario Land: Super Mario Land 3",
      "Mario Party (N64)",
      "Super Smash Bros. Ultimate"
    ]
  },
  {
    "type": "multiple",
    "difficulty": "easy",
    "category": "General Knowledge",
    "question": "Which one of the following rhythm games was made by Harmonix?",
    "correct_answer": "Rock Band",
    "incorrect_answers": [
      "Meat Beat Mania",
      "Guitar Hero Live",
      "Dance Dance Revolution"
    ]
  },
  {
    "type": "multiple",
    "difficulty": "easy",
    "category": "General Knowledge",
    "question": "What is the name of the Jewish New Year?",
    "correct_answer": "Rosh Hashanah",
    "incorrect_answers": ["Elul", "New Year", "Succoss"]
  },
  {
    "type": "multiple",
    "difficulty": "easy",
    "category": "General Knowledge",
    "question": "Which of these colours is NOT featured in the logo for Google?",
    "correct_answer": "Pink",
    "incorrect_answers": ["Yellow", "Blue", "Green"]
  },
  {
    "type": "multiple",
    "difficulty": "easy",
    "category": "General Knowledge",
    "question": "Which country, not including Japan, has the most people of japanese decent?",
    "correct_answer": "Brazil",
    "incorrect_answers": ["China", "South Korea", "United States of America"]
  },
  {
    "type": "multiple",
    "difficulty": "easy",
    "category": "General Knowledge",
    "question": "What is the profession of Elon Musk&#039;s mom, Maye Musk?",
    "correct_answer": "Model",
    "incorrect_answers": ["Professor", "Biologist", "Musician"]
  },
  {
    "type": "multiple",
    "difficulty": "easy",
    "category": "General Knowledge",
    "question": "What do the letters of the fast food chain KFC stand for?",
    "correct_answer": "Kentucky Fried Chicken",
    "incorrect_answers": [
      "Kentucky Fresh Cheese",
      "Kibbled Freaky Cow",
      "Kiwi Food Cut"
    ]
  },
  {
    "type": "multiple",
    "difficulty": "easy",
    "category": "General Knowledge",
    "question": "What company developed the vocaloid Hatsune Miku?",
    "correct_answer": "Crypton Future Media",
    "incorrect_answers": ["Sega", "Sony", "Yamaha Corporation"]
  },
  {
    "type": "multiple",
    "difficulty": "easy",
    "category": "General Knowledge",
    "question": "Which of the following is not the host of a program on NPR?",
    "correct_answer": "Ben Shapiro",
    "incorrect_answers": ["Terry Gross", "Ira Glass", "Peter Sagal"]
  },
  {
    "type": "multiple",
    "difficulty": "easy",
    "category": "General Knowledge",
    "question": "What kind of aircraft was developed by Igor Sikorsky in the United States in 1942?",
    "correct_answer": "Helicopter",
    "incorrect_answers": ["Stealth Blimp", "Jet", "Space Capsule"]
  },
  {
    "type": "boolean",
    "difficulty": "easy",
    "category": "General Knowledge",
    "question": "Slovakia is a member of European Union-",
    "correct_answer": "True",
    "incorrect_answers": ["False"]
  },
  {
    "type": "boolean",
    "difficulty": "easy",
    "category": "General Knowledge",
    "question": "Dihydrogen Monoxide is a dangerous chemical.",
    "correct_answer": "False",
    "incorrect_answers": ["True"]
  },
  {
    "type": "multiple",
    "difficulty": "easy",
    "category": "General Knowledge",
    "question": "What is the shape of the toy invented by Hungarian professor Ernő Rubik?",
    "correct_answer": "Cube",
    "incorrect_answers": ["Sphere", "Cylinder", "Pyramid"]
  },
  {
    "type": "boolean",
    "difficulty": "easy",
    "category": "General Knowledge",
    "question": "Jingle Bells was originally meant for Thanksgiving",
    "correct_answer": "True",
    "incorrect_answers": ["False"]
  },
  {
    "type": "multiple",
    "difficulty": "easy",
    "category": "General Knowledge",
    "question": "The likeness of which president is featured on the rare $2 bill of USA currency?",
    "correct_answer": "Thomas Jefferson",
    "incorrect_answers": [
      "Martin Van Buren",
      "Ulysses Grant",
      "John Quincy Adams"
    ]
  },
  {
    "type": "multiple",
    "difficulty": "easy",
    "category": "General Knowledge",
    "question": "When someone is cowardly, they are said to have what color belly?",
    "correct_answer": "Yellow",
    "incorrect_answers": ["Green", "Red", "Blue"]
  },
  {
    "type": "multiple",
    "difficulty": "easy",
    "category": "General Knowledge",
    "question": "Which restaurant&#039;s mascot is a clown?",
    "correct_answer": "McDonald&#039;s",
    "incorrect_answers": ["Whataburger", "Burger King", "Sonic"]
  },
  {
    "type": "boolean",
    "difficulty": "easy",
    "category": "General Knowledge",
    "question": "&quot;Ananas&quot; is mostly used as the word for Pineapple in other languages.",
    "correct_answer": "True",
    "incorrect_answers": ["False"]
  },
  {
    "type": "multiple",
    "difficulty": "easy",
    "category": "General Knowledge",
    "question": "Which country has the union jack in its flag?",
    "correct_answer": "New Zealand",
    "incorrect_answers": ["South Africa", "Canada", "Hong Kong"]
  },
  {
    "type": "multiple",
    "difficulty": "easy",
    "category": "General Knowledge",
    "question": "Which of the following is not an Ivy League University?",
    "correct_answer": "Stanford",
    "incorrect_answers": ["University of Pennsylvania", "Harvard", "Princeton"]
  },
  {
    "type": "multiple",
    "difficulty": "easy",
    "category": "General Knowledge",
    "question": "Which of the following card games revolves around numbers and basic math?",
    "correct_answer": "Uno",
    "incorrect_answers": ["Go Fish", "Twister", "Munchkin"]
  },
  {
    "type": "boolean",
    "difficulty": "easy",
    "category": "General Knowledge",
    "question": "A scientific study on peanuts in bars found traces of over 100 unique specimens of urine.",
    "correct_answer": "False",
    "incorrect_answers": ["True"]
  },
  {
    "type": "multiple",
    "difficulty": "easy",
    "category": "General Knowledge",
    "question": "Terry Gilliam was an animator that worked with which British comedy group?",
    "correct_answer": "Monty Python",
    "incorrect_answers": [
      "The Goodies&lrm;",
      "The League of Gentlemen&lrm;",
      "The Penny Dreadfuls"
    ]
  },
  {
    "type": "multiple",
    "difficulty": "easy",
    "category": "General Knowledge",
    "question": "What is &quot;dabbing&quot;?",
    "correct_answer": "A dance",
    "incorrect_answers": ["A medical procedure", "A sport", "A language"]
  },
  {
    "type": "multiple",
    "difficulty": "easy",
    "category": "General Knowledge",
    "question": " Which chemical element, number 11 in the Periodic table, has the symbol Na?",
    "correct_answer": "Sodium",
    "incorrect_answers": ["Carbon", "Lead", "Nitrogen"]
  },
  {
    "type": "multiple",
    "difficulty": "easy",
    "category": "General Knowledge",
    "question": "If you are caught &quot;Goldbricking&quot;, what are you doing wrong?",
    "correct_answer": "Slacking",
    "incorrect_answers": ["Smoking", "Stealing", "Cheating"]
  },
  {
    "type": "boolean",
    "difficulty": "easy",
    "category": "General Knowledge",
    "question": "The Great Wall of China is visible from the moon.",
    "correct_answer": "False",
    "incorrect_answers": ["True"]
  },
  {
    "type": "multiple",
    "difficulty": "easy",
    "category": "General Knowledge",
    "question": "In DC comics where does the Green Arrow (Oliver Queen) live?",
    "correct_answer": "Star City",
    "incorrect_answers": ["Central City", "Gotham City", "Metropolis"]
  },
  {
    "type": "multiple",
    "difficulty": "easy",
    "category": "General Knowledge",
    "question": "What is the French word for &quot;fish&quot;?",
    "correct_answer": "poisson",
    "incorrect_answers": ["fiche", "escargot", "mer"]
  },
  {
    "type": "multiple",
    "difficulty": "easy",
    "category": "General Knowledge",
    "question": "What airline was the owner of the plane that crashed off the coast of Nova Scotia in 1998?",
    "correct_answer": "Swiss Air",
    "incorrect_answers": ["Air France", "British Airways", "TWA"]
  },
  {
    "type": "multiple",
    "difficulty": "easy",
    "category": "General Knowledge",
    "question": "When someone is inexperienced they are said to be what color?",
    "correct_answer": "Green",
    "incorrect_answers": ["Red", "Blue", "Yellow"]
  },
  {
    "type": "multiple",
    "difficulty": "easy",
    "category": "General Knowledge",
    "question": "Which of the following blood component forms a plug at the site of injuries?",
    "correct_answer": "Platelets",
    "incorrect_answers": [
      "Red blood cells",
      "White blood cells",
      "Blood plasma"
    ]
  },
  {
    "type": "boolean",
    "difficulty": "easy",
    "category": "General Knowledge",
    "question": "Dihydrogen Monoxide was banned due to health risks after being discovered in 1983 inside swimming pools and drinking water.",
    "correct_answer": "False",
    "incorrect_answers": ["True"]
  },
  {
    "type": "boolean",
    "difficulty": "easy",
    "category": "General Knowledge",
    "question": "Adolf Hitler was born in Australia. ",
    "correct_answer": "False",
    "incorrect_answers": ["True"]
  },
  {
    "type": "multiple",
    "difficulty": "easy",
    "category": "General Knowledge",
    "question": "Who is depicted on the US hundred dollar bill?",
    "correct_answer": "Benjamin Franklin",
    "incorrect_answers": [
      "George Washington",
      "Abraham Lincoln",
      "Thomas Jefferson"
    ]
  },
  {
    "type": "multiple",
    "difficulty": "easy",
    "category": "General Knowledge",
    "question": "What machine element is located in the center of fidget spinners?",
    "correct_answer": "Bearings",
    "incorrect_answers": ["Axles", "Gears", "Belts"]
  },
  {
    "type": "multiple",
    "difficulty": "easy",
    "category": "General Knowledge",
    "question": "What word represents the letter &#039;T&#039; in the NATO phonetic alphabet?",
    "correct_answer": "Tango",
    "incorrect_answers": ["Target", "Taxi", "Turkey"]
  },
  {
    "type": "boolean",
    "difficulty": "easy",
    "category": "General Knowledge",
    "question": "Ping-Pong originated in England",
    "correct_answer": "True",
    "incorrect_answers": ["False"]
  }
]
