[
  {
    "type": "multiple",
    "difficulty": "easy",
    "category": "Geography",
    "question": "How many time zones does China have?",
    "correct_answer": "1",
    "incorrect_answers": ["3", "4", "2"]
  },
  {
    "type": "boolean",
    "difficulty": "medium",
    "category": "Geography",
    "question": "Japan has left-hand side traffic.",
    "correct_answer": "True",
    "incorrect_answers": ["False"]
  },
  {
    "type": "boolean",
    "difficulty": "easy",
    "category": "Geography",
    "question": "There are no deserts in Europe.",
    "correct_answer": "True",
    "incorrect_answers": ["False"]
  },
  {
    "type": "boolean",
    "difficulty": "hard",
    "category": "Geography",
    "question": "Switzerland has four national languages, English being one of them.",
    "correct_answer": "False",
    "incorrect_answers": ["True"]
  },
  {
    "type": "multiple",
    "difficulty": "easy",
    "category": "Geography",
    "question": "The Space Needle is located in which city?",
    "correct_answer": "Seattle",
    "incorrect_answers": ["Los Angles", "Toronto", "Vancouver"]
  },
  {
    "type": "multiple",
    "difficulty": "medium",
    "category": "Geography",
    "question": "What&#039;s the first National Park designated in the United States?",
    "correct_answer": "Yellowstone",
    "incorrect_answers": ["Sequoia ", "Yosemite", "Rocky Mountain"]
  },
  {
    "type": "multiple",
    "difficulty": "medium",
    "category": "Geography",
    "question": "How many countries does Spain have a land border with?",
    "correct_answer": "5",
    "incorrect_answers": ["2", "3", "4"]
  },
  {
    "type": "boolean",
    "difficulty": "medium",
    "category": "Geography",
    "question": "There exists an island named &quot;Java&quot;.",
    "correct_answer": "True",
    "incorrect_answers": ["False"]
  },
  {
    "type": "multiple",
    "difficulty": "medium",
    "category": "Geography",
    "question": "Which of the following countries banned the use of personal genetic ancestry tests?",
    "correct_answer": "Germany",
    "incorrect_answers": ["Austria", "Canada", "Sweden"]
  },
  {
    "type": "multiple",
    "difficulty": "medium",
    "category": "Geography",
    "question": "Which of these country&#039;s capitals starts with the letter B?",
    "correct_answer": "Lebanon",
    "incorrect_answers": ["Jordan", "Kuwait", "Qatar"]
  },
  {
    "type": "multiple",
    "difficulty": "hard",
    "category": "Geography",
    "question": "How many stations does the Central Line have on the London Underground?",
    "correct_answer": "49",
    "incorrect_answers": ["51", "43", "47"]
  },
  {
    "type": "boolean",
    "difficulty": "medium",
    "category": "Geography",
    "question": "Gothenburg is the capital of Sweden.",
    "correct_answer": "False",
    "incorrect_answers": ["True"]
  },
  {
    "type": "multiple",
    "difficulty": "medium",
    "category": "Geography",
    "question": "How many countries are inside the United Kingdom?",
    "correct_answer": "Four",
    "incorrect_answers": ["Two", "Three", "One"]
  },
  {
    "type": "multiple",
    "difficulty": "medium",
    "category": "Geography",
    "question": "What is the capital city of Slovenia?",
    "correct_answer": "Ljubljana",
    "incorrect_answers": ["Maribor", "Velenje", "Trbovlje"]
  },
  {
    "type": "multiple",
    "difficulty": "medium",
    "category": "Geography",
    "question": "How many countries share a land border with Luxembourg?",
    "correct_answer": "3",
    "incorrect_answers": ["4", "2", "5"]
  },
  {
    "type": "boolean",
    "difficulty": "easy",
    "category": "Geography",
    "question": "Vatican City is a country.",
    "correct_answer": "True",
    "incorrect_answers": ["False"]
  },
  {
    "type": "boolean",
    "difficulty": "medium",
    "category": "Geography",
    "question": "Seoul is the capital of North Korea.",
    "correct_answer": "False",
    "incorrect_answers": ["True"]
  },
  {
    "type": "multiple",
    "difficulty": "easy",
    "category": "Geography",
    "question": "What country is the second largest in the world by area?",
    "correct_answer": "Canada",
    "incorrect_answers": ["Russia", "China", "United States of America"]
  },
  {
    "type": "multiple",
    "difficulty": "hard",
    "category": "Geography",
    "question": "Which of these cities has a 4&deg; East longitude. ",
    "correct_answer": "Amsterdam",
    "incorrect_answers": ["Rio de Janero", "Toronto", "Hong Kong"]
  },
  {
    "type": "multiple",
    "difficulty": "medium",
    "category": "Geography",
    "question": "What European country is not a part of the EU?",
    "correct_answer": "Norway",
    "incorrect_answers": ["Lithuania", "Ireland", "Czechia"]
  },
  {
    "type": "multiple",
    "difficulty": "medium",
    "category": "Geography",
    "question": "Which country claims ownership of the disputed state Kosovo?",
    "correct_answer": "Serbia",
    "incorrect_answers": ["Croatia", "Albania", "Macedonia"]
  },
  {
    "type": "multiple",
    "difficulty": "hard",
    "category": "Geography",
    "question": "What is the name of the formerly rich fishing grounds off the island of Newfoundland, Canada?",
    "correct_answer": "Grand Banks",
    "incorrect_answers": ["Great Barrier Reef", "Mariana Trench", "Hudson Bay"]
  },
  {
    "type": "multiple",
    "difficulty": "easy",
    "category": "Geography",
    "question": "How many federal states does Germany have?",
    "correct_answer": "16",
    "incorrect_answers": ["13", "32", "25"]
  },
  {
    "type": "multiple",
    "difficulty": "hard",
    "category": "Geography",
    "question": "What is the tallest mountain in Canada?",
    "correct_answer": "Mount Logan",
    "incorrect_answers": [
      "Mont Tremblant",
      "Whistler Mountain",
      "Blue Mountain"
    ]
  },
  {
    "type": "multiple",
    "difficulty": "medium",
    "category": "Geography",
    "question": "The Principality of Sealand is an unrecognized micronation off the coast of what country?",
    "correct_answer": "The United Kingdom",
    "incorrect_answers": ["Japan", "Austrailia", "Argentina"]
  },
  {
    "type": "multiple",
    "difficulty": "medium",
    "category": "Geography",
    "question": "Where is the &quot;Sonoran Desert&quot; located?",
    "correct_answer": "North America",
    "incorrect_answers": ["South America", "Asia", "Africa"]
  },
  {
    "type": "multiple",
    "difficulty": "medium",
    "category": "Geography",
    "question": "How many independent countries are there within the continent of South America?",
    "correct_answer": "12",
    "incorrect_answers": ["8", "9", "10"]
  },
  {
    "type": "multiple",
    "difficulty": "easy",
    "category": "Geography",
    "question": "How many countries does the United States share a land border with?",
    "correct_answer": "2",
    "incorrect_answers": ["1", "3", "4"]
  },
  {
    "type": "multiple",
    "difficulty": "medium",
    "category": "Geography",
    "question": "The formerly East-Prussian city of K&ouml;nigsberg is known as which Russian City today?",
    "correct_answer": "Kaliningrad",
    "incorrect_answers": ["Kazan", "Kursk", "Krasnodar"]
  },
  {
    "type": "multiple",
    "difficulty": "easy",
    "category": "Geography",
    "question": "Which of these African countries list &quot;Spanish&quot; as an official language?",
    "correct_answer": "Equatorial Guinea",
    "incorrect_answers": ["Guinea", "Cameroon", "Angola"]
  },
  {
    "type": "multiple",
    "difficulty": "hard",
    "category": "Geography",
    "question": "The Andaman and Nicobar Islands in South East Asia are controlled by which country?",
    "correct_answer": "India",
    "incorrect_answers": ["Vietnam", "Thailand", "Indonesia"]
  },
  {
    "type": "multiple",
    "difficulty": "medium",
    "category": "Geography",
    "question": "Bridgetown is the capital of which island country in the Carribean?",
    "correct_answer": "Barbados",
    "incorrect_answers": ["Cuba", "Jamaica&lrm;", "Dominica"]
  },
  {
    "type": "boolean",
    "difficulty": "easy",
    "category": "Geography",
    "question": "California is larger than Japan.",
    "correct_answer": "True",
    "incorrect_answers": ["False"]
  },
  {
    "type": "multiple",
    "difficulty": "hard",
    "category": "Geography",
    "question": "What is the capital of Mauritius?",
    "correct_answer": "Port Louis",
    "incorrect_answers": ["Port Moresby", "Port Vila", "Port-au-Prince"]
  },
  {
    "type": "multiple",
    "difficulty": "medium",
    "category": "Geography",
    "question": "How many provinces are in the Netherlands?",
    "correct_answer": "12",
    "incorrect_answers": ["14", "10", "13"]
  },
  {
    "type": "multiple",
    "difficulty": "hard",
    "category": "Geography",
    "question": "When does Finland celebrate their independence day?",
    "correct_answer": "December 6th",
    "incorrect_answers": ["January 2nd", "November 12th", "February 8th"]
  },
  {
    "type": "multiple",
    "difficulty": "medium",
    "category": "Geography",
    "question": "What event led to Liechenstein adding a crown to its flag?",
    "correct_answer": "The 1936 Olympics",
    "incorrect_answers": [
      "Coronation of Prince Johann I Joseph in 1805",
      "Charles VI&#039;s decree in 1719",
      "Signing of the 1862 Constitution of Liechtenstein"
    ]
  },
  {
    "type": "multiple",
    "difficulty": "medium",
    "category": "Geography",
    "question": "Which is the largest city in Morocco?",
    "correct_answer": "Casablanca",
    "incorrect_answers": ["Rabat", "Fes", "Sale"]
  },
  {
    "type": "multiple",
    "difficulty": "hard",
    "category": "Geography",
    "question": "What is the county seat of King County, Washington?",
    "correct_answer": "Seattle",
    "incorrect_answers": ["Bellevue", "Enumclaw", "Skykomish"]
  },
  {
    "type": "multiple",
    "difficulty": "easy",
    "category": "Geography",
    "question": "What is the Capital of the United States?",
    "correct_answer": "Washington, D.C.",
    "incorrect_answers": ["Los Angelas, CA", "New York City, NY", "Houston, TX"]
  },
  {
    "type": "multiple",
    "difficulty": "medium",
    "category": "Geography",
    "question": "The World Health Organization headquarters is located in which European country?",
    "correct_answer": "Switzerland",
    "incorrect_answers": ["United Kingdom", "France", "Belgium"]
  },
  {
    "type": "multiple",
    "difficulty": "easy",
    "category": "Geography",
    "question": "What is Laos?",
    "correct_answer": "Country",
    "incorrect_answers": ["Region", "River", "City"]
  },
  {
    "type": "multiple",
    "difficulty": "hard",
    "category": "Geography",
    "question": "What is the area of Vatican City?",
    "correct_answer": "0.44km^2",
    "incorrect_answers": ["0.10km^2", "0.86km^2", "12.00km^2"]
  },
  {
    "type": "multiple",
    "difficulty": "hard",
    "category": "Geography",
    "question": "The prefix Sino- (As in Sino-American) is used to refer to what nationality?",
    "correct_answer": "Chinese",
    "incorrect_answers": ["Japanese", "Russian", "Indian"]
  },
  {
    "type": "boolean",
    "difficulty": "easy",
    "category": "Geography",
    "question": "San Marino is the only country completely surrounded by another country.",
    "correct_answer": "False",
    "incorrect_answers": ["True"]
  },
  {
    "type": "multiple",
    "difficulty": "hard",
    "category": "Geography",
    "question": "Which is the largest freshwater lake in the world?",
    "correct_answer": "Lake Superior ",
    "incorrect_answers": ["Caspian Sea", "Lake Michigan", "Lake Huron"]
  },
  {
    "type": "multiple",
    "difficulty": "medium",
    "category": "Geography",
    "question": "What is the capital of the State of Washington, United States?",
    "correct_answer": "Olympia",
    "incorrect_answers": ["Washington D.C.", "Seattle", "Yukon"]
  },
  {
    "type": "multiple",
    "difficulty": "medium",
    "category": "Geography",
    "question": "The towns of Brugelette, Arlon and Ath are located in which country?",
    "correct_answer": "Belgium",
    "incorrect_answers": ["Andorra", "France", "Luxembourg"]
  },
  {
    "type": "multiple",
    "difficulty": "medium",
    "category": "Geography",
    "question": "Which German city is located on the River Isar?",
    "correct_answer": "Munich",
    "incorrect_answers": ["Berlin", "Hamburg", "Dortmund"]
  },
  {
    "type": "multiple",
    "difficulty": "easy",
    "category": "Geography",
    "question": "Which of the following European languages is classified as a &quot;language isolate?&quot;",
    "correct_answer": "Basque",
    "incorrect_answers": ["Galician", "Maltese", "Hungarian"]
  }
]
