[{"type":"multiple","difficulty":"easy","category":"History","question":"Who was the first prime minister of Canada?","correct_answer":"John Macdonald","incorrect_answers":["John Abbott","Alexander Mackenzie","Robert Borden"]},{"type":"multiple","difficulty":"medium","category":"History","question":"On which day did the attempted coup d&#039;etat of 1991 in the Soviet Union begin?","correct_answer":"August 19","incorrect_answers":["August 21","December 26","December 24"]},{"type":"multiple","difficulty":"hard","category":"History","question":"Which day did World War I begin?","correct_answer":"July 28","incorrect_answers":["January 28","June 28","April 28"]},{"type":"multiple","difficulty":"easy","category":"History","question":"Which modern country is known as &quot;The Graveyard of Empires&quot;?","correct_answer":"Afghanistan","incorrect_answers":["China","Iraq","Russia"]},{"type":"multiple","difficulty":"hard","category":"History","question":"In which year did the Tokyo Subway Sarin Attack occur?","correct_answer":"1995","incorrect_answers":["2001","2011","1991"]},{"type":"multiple","difficulty":"medium","category":"History","question":"When did L. L. Zamenhof first publish &quot;Unua Libro&quot;, the first publication describing his international language Esperanto?","correct_answer":"1887","incorrect_answers":["1897","1905","1915"]},{"type":"boolean","difficulty":"easy","category":"History","question":"In World War ll, Great Britian used inflatable tanks on the ports of Great Britain to divert Hitler away from Normandy/D-day landing.","correct_answer":"True","incorrect_answers":["False"]},{"type":"multiple","difficulty":"hard","category":"History","question":"What was the real name of the Albanian national leader Skanderbeg?","correct_answer":"Gjergj Kastrioti","incorrect_answers":["Diturak Zhulati","Iskander Bejko","Mirash Krasniki"]},{"type":"multiple","difficulty":"easy","category":"History","question":"Who rode on horseback to warn the Minutemen that the British were coming during the U.S. Revolutionary War?","correct_answer":"Paul Revere","incorrect_answers":["Thomas Paine","Henry Longfellow","Nathan Hale"]},{"type":"multiple","difficulty":"easy","category":"History","question":"King Henry VIII was the second monarch of which European royal house?","correct_answer":"Tudor","incorrect_answers":["York","Stuart","Lancaster"]},{"type":"multiple","difficulty":"medium","category":"History","question":"Which U.S. President was famously &#039;attacked&#039; by a swimming rabbit?","correct_answer":"Jimmy Carter","incorrect_answers":["Ronald Reagan","Lydon B. Johnson","Gerald Ford"]},{"type":"multiple","difficulty":"medium","category":"History","question":"Joseph Smith was the founder of what religion?","correct_answer":"Mormonism","incorrect_answers":["Buddhism","Christianity","Hinduism"]},{"type":"multiple","difficulty":"medium","category":"History","question":"Which of the following is not in the Indo-European language family?","correct_answer":"Finnish","incorrect_answers":["English","Hindi","Russian"]},{"type":"multiple","difficulty":"medium","category":"History","question":"Which of these 1900s tanks were designed and built BEFORE the others?","correct_answer":"Renault FT","incorrect_answers":["M4 Sherman"," Panzer IV","Cromwell "]},{"type":"multiple","difficulty":"medium","category":"History","question":"Who is attributed credit for recording the epic poem The Odyssey?","correct_answer":"Homer","incorrect_answers":["Aristotle","Odysseus","Socrates"]},{"type":"multiple","difficulty":"medium","category":"History","question":"The fraudelent doctor John R. Brinkley acummulated great fame and wealth in the early 1900s offering what service?","correct_answer":"Goat testicles transplant","incorrect_answers":["Pig blood transfusion","Cow liver transplant","Turkey breast implants"]},{"type":"multiple","difficulty":"easy","category":"History","question":"In which year did the Invasion of Kuwait by Iraq occur?","correct_answer":"1990","incorrect_answers":["1992","1988","1986"]},{"type":"multiple","difficulty":"medium","category":"History","question":"When did O, Canada officially become the national anthem?","correct_answer":"1980","incorrect_answers":["1950","1920","1880"]},{"type":"multiple","difficulty":"medium","category":"History","question":"Which of his six wives was Henry VIII married to the longest?","correct_answer":"Catherine of Aragon","incorrect_answers":["Anne Boleyn","Jane Seymour","Catherine Parr"]},{"type":"multiple","difficulty":"easy","category":"History","question":"The original Roman alphabet lacked the following letters EXCEPT:","correct_answer":"X","incorrect_answers":["W","U","J"]},{"type":"multiple","difficulty":"medium","category":"History","question":"What was the name of the planned invasion of Japan towards the end of World War II?","correct_answer":"Operation Downfall","incorrect_answers":["Operation Boarding Party","Operation Ironclad","Operation Aflame"]},{"type":"multiple","difficulty":"medium","category":"History","question":"Which Louis was known as &#039;The Sun King of France&#039;?","correct_answer":"Louis XIV","incorrect_answers":["Louis XIII","Louis XV","Louis XVI"]},{"type":"multiple","difficulty":"easy","category":"History","question":"On what street did the 1666 Great Fire of London start?","correct_answer":"Pudding Lane","incorrect_answers":["Baker Street","Houses of Parliament","St Paul&#039;s Cathedral"]},{"type":"boolean","difficulty":"hard","category":"History","question":"The Battle of Trafalgar took place on October 23rd, 1805","correct_answer":"False","incorrect_answers":["True"]},{"type":"multiple","difficulty":"medium","category":"History","question":"During what war did the &quot;Cuban Missile Crisis&quot; occur?","correct_answer":"Cold War","incorrect_answers":["World War I","World War II","Revolutionary War"]},{"type":"multiple","difficulty":"medium","category":"History","question":"According to scholarly estimates, what percentage of the world population at the time died due to Tamerlane&#039;s conquests?","correct_answer":"5%","incorrect_answers":["1%","3%","&lt;1%"]},{"type":"multiple","difficulty":"hard","category":"History","question":"Spain was formed in 1469 with the marriage of Isabella I of Castile and Ferdinand II of what other Iberian kingdom?","correct_answer":"Aragon","incorrect_answers":["Galicia","Le&oacute;n","Navarre"]},{"type":"boolean","difficulty":"easy","category":"History","question":"Adolf Hitler was a german soldier in World War I.","correct_answer":"True","incorrect_answers":["False"]},{"type":"boolean","difficulty":"medium","category":"History","question":"Abraham Lincoln was the first U.S. President to be born outside the borders of the thirteen original states. ","correct_answer":"True","incorrect_answers":["False"]},{"type":"multiple","difficulty":"medium","category":"History","question":"Which Nation DID NOT have a Colony in Modern-day America?","correct_answer":"Portugal","incorrect_answers":["Spain","Sweden","Netherlands"]},{"type":"multiple","difficulty":"medium","category":"History","question":"In what year was the last natural case of smallpox documented?","correct_answer":"1977","incorrect_answers":["1982","1980","1990"]},{"type":"multiple","difficulty":"easy","category":"History","question":"What was the first sport to have been played on the moon?","correct_answer":"Golf","incorrect_answers":["Football","Tennis","Soccer"]},{"type":"boolean","difficulty":"hard","category":"History","question":"The USS Missouri (BB-63) last served in the Korean War.","correct_answer":"False","incorrect_answers":["True"]},{"type":"multiple","difficulty":"hard","category":"History","question":"The pantheon in Rome was used to worship what god?","correct_answer":"Any god they wanted","incorrect_answers":["Athena","Zeus","Both Athena and Zeus"]},{"type":"multiple","difficulty":"medium","category":"History","question":"The Korean War started in what year?","correct_answer":"1950","incorrect_answers":["1945","1960","1912"]},{"type":"multiple","difficulty":"medium","category":"History","question":"What was the transfer of disease, crops, and people across the Atlantic shortly after the discovery of the Americas called?","correct_answer":"The Columbian Exchange","incorrect_answers":["Triangle Trade","Transatlantic Slave Trade","The Silk Road"]},{"type":"multiple","difficulty":"hard","category":"History","question":"Which King of England was faced with the Peasants&#039; Revolt in 1381?","correct_answer":"Richard II","incorrect_answers":["Edward III","Edward II","Henry IV"]},{"type":"multiple","difficulty":"easy","category":"History","question":"Which of the following was Brazil was a former colony under?","correct_answer":"Portugal","incorrect_answers":["Spain","The Netherlands","France"]},{"type":"multiple","difficulty":"medium","category":"History","question":"Who was the leader of the Communist Party of Yugoslavia ?","correct_answer":"Josip Broz Tito","incorrect_answers":["Karadjordje Petrovic","Milos Obilic","Aleskandar Petrovic"]},{"type":"boolean","difficulty":"hard","category":"History","question":"The man that shot Alexander Hamilton was named Aaron Burr.","correct_answer":"True","incorrect_answers":["False"]},{"type":"multiple","difficulty":"medium","category":"History","question":"John Moses Browning, the designer of the M1918 BAR (Browning Automatic Rifle) was a part of which religion?","correct_answer":"Mormon","incorrect_answers":["Catholic","Jewish","Atheist"]},{"type":"boolean","difficulty":"medium","category":"History","question":"Sargon II, a king of the Neo-Assyrian Empire, was a direct descendant of Sargon of Akkad.","correct_answer":"False","incorrect_answers":["True"]},{"type":"multiple","difficulty":"medium","category":"History","question":"The minigun was designed in 1960 by which manufacturer.","correct_answer":"General Electric","incorrect_answers":["Colt Firearms","Heckler &amp; Koch","Sig Sauer"]},{"type":"multiple","difficulty":"medium","category":"History","question":"Which infamous European traitor was known as &quot;the last person to enter Parliament with honest intentions&quot;?","correct_answer":"Guy Fawkes","incorrect_answers":["Robert Catesby","Francis Tresham","Everard Digby"]},{"type":"multiple","difficulty":"easy","category":"History","question":"The idea of Socialism was articulated and advanced by whom?","correct_answer":"Karl Marx","incorrect_answers":["Vladimir Lenin","Joseph Stalin","Vladimir Putin"]},{"type":"multiple","difficulty":"medium","category":"History","question":"What was the name of the chemical that was dropped on Vietnam during the Vietnam war?","correct_answer":"Agent Orange","incorrect_answers":["Phosgene","Mustard Gas","Hydrogen Cyanide"]},{"type":"multiple","difficulty":"medium","category":"History","question":"When Christopher Columbus sailed to America, what was the first region he arrived in?","correct_answer":"The Bahamas Archipelago","incorrect_answers":["Florida","Isthmus of Panama","Nicaragua"]},{"type":"multiple","difficulty":"medium","category":"History","question":"Who assassinated Archduke Franz Ferdinand?","correct_answer":"Gavrilo Princip","incorrect_answers":["Nedeljko Čabrinović","Oskar Potiorek","Ferdinand Cohen-Blind"]},{"type":"boolean","difficulty":"easy","category":"History","question":"Adolf Hitler was tried at the Nuremberg trials.","correct_answer":"False","incorrect_answers":["True"]},{"type":"multiple","difficulty":"medium","category":"History","question":"Which historical conflict killed the most people?","correct_answer":"World War II","incorrect_answers":["Taiping Rebellion","Three Kingdoms War","Mongol conquests"]}]