[{"type":"multiple","difficulty":"medium","category":"Mythology","question":"Who is the god of war in Polynesian mythology?","correct_answer":"&#039;Oro","incorrect_answers":["Hina","Kohara","Māui"]},{"type":"multiple","difficulty":"medium","category":"Mythology","question":"The Norse god Odin has two pet crows named &quot;Huginn&quot; and &quot;Muninn&quot;.  What do their names mean?","correct_answer":"Thought &amp; Memory","incorrect_answers":["Power &amp; Peace","War &amp; Learning","Sleeping &amp; Waking"]},{"type":"boolean","difficulty":"medium","category":"Mythology","question":"The Roman god &quot;Jupiter&quot; was first known as &quot;Zeus&quot; to the Greeks.","correct_answer":"True","incorrect_answers":["False"]},{"type":"multiple","difficulty":"easy","category":"Mythology","question":"Who in Greek mythology, who led the Argonauts in search of the Golden Fleece?","correct_answer":"Jason","incorrect_answers":["Castor","Daedalus","Odysseus"]},{"type":"multiple","difficulty":"medium","category":"Mythology","question":"In Greek Mythology, who killed Achilles?","correct_answer":"Paris","incorrect_answers":["Hector","Helen","Pericles"]},{"type":"multiple","difficulty":"medium","category":"Mythology","question":"Which greek god/goddess tossed a golden apple with the words &quot;for the fairest&quot; into the middle of the feast of the gods?","correct_answer":"Eris","incorrect_answers":["Hades","Ares","Artemis"]},{"type":"multiple","difficulty":"easy","category":"Mythology","question":"How many heads does Cerberus have?","correct_answer":"3","incorrect_answers":["2","1","5"]},{"type":"multiple","difficulty":"medium","category":"Mythology","question":"What animal did Queen Pasipahe sleep with before she gave birth to the Minotaur in Greek Mythology?","correct_answer":"Bull","incorrect_answers":["Pig","Ox","Horse"]},{"type":"boolean","difficulty":"hard","category":"Mythology","question":"Janus was the Roman god of doorways and passageways.","correct_answer":"True","incorrect_answers":["False"]},{"type":"multiple","difficulty":"easy","category":"Mythology","question":"This Greek goddess&#039;s name was chosen for the dwarf planet responsible for discord on Pluto&#039;s classification amongst astronomers.","correct_answer":"Eris","incorrect_answers":["Charon","Ceres","Dysnomia"]},{"type":"multiple","difficulty":"medium","category":"Mythology","question":"A minotaur is half human half what?","correct_answer":"Bull","incorrect_answers":["Cow","Horse","Eagle"]},{"type":"multiple","difficulty":"medium","category":"Mythology","question":"Neptune&#039;s greek name was...","correct_answer":"Poseidon","incorrect_answers":["Ares","Zeus","Apollo"]},{"type":"multiple","difficulty":"easy","category":"Mythology","question":"In most traditions, who was the wife of Zeus?","correct_answer":"Hera","incorrect_answers":["Aphrodite","Athena","Hestia"]},{"type":"multiple","difficulty":"medium","category":"Mythology","question":"According to the Egyptian Myth of Osiris, who murdered Osiris?","correct_answer":"Set","incorrect_answers":["Horus","Ra","Anhur"]},{"type":"boolean","difficulty":"easy","category":"Mythology","question":"According to Greek Mythology, Zeus can control lightning.","correct_answer":"True","incorrect_answers":["False"]},{"type":"multiple","difficulty":"medium","category":"Mythology","question":"Which of the following is not one of the Greek Fates?","correct_answer":"Narcissus","incorrect_answers":["Clotho","Atropos","Lachesis"]},{"type":"multiple","difficulty":"medium","category":"Mythology","question":"The Hippogriff, not to be confused with the Griffon, is a magical creature with the front half of an eagle, and the back half of what?","correct_answer":"A Horse","incorrect_answers":["A Dragon","A Tiger","A Lion"]},{"type":"multiple","difficulty":"hard","category":"Mythology","question":"In Norse mythology, what is the name of the serpent which eats the roots of the ash tree Yggdrasil?","correct_answer":"Nidhogg","incorrect_answers":["Bragi","Odin","Ymir"]},{"type":"multiple","difficulty":"medium","category":"Mythology","question":"Which of these Roman gods doesn&#039;t have a counterpart in Greek mythology?","correct_answer":"Janus","incorrect_answers":["Vulcan","Juno","Mars"]},{"type":"multiple","difficulty":"medium","category":"Mythology","question":"Which of the following Mesopotamian mythological figures was NOT a deity?","correct_answer":"Enkidu","incorrect_answers":["Enki","Enlil","Enkimdu"]},{"type":"multiple","difficulty":"medium","category":"Mythology","question":"This Greek mythological figure is the god/goddess of battle strategy (among other things).","correct_answer":"Athena","incorrect_answers":["Ares","Artemis","Apollo"]},{"type":"multiple","difficulty":"medium","category":"Mythology","question":"What is the name of the Greek god of peaceful deaths?","correct_answer":"Thanatos","incorrect_answers":["Tartarus","Hades","Moros"]},{"type":"multiple","difficulty":"medium","category":"Mythology","question":"What is the name of the first human being in Norse mythology?","correct_answer":"Ask","incorrect_answers":["Asmund","Ake","Asger"]},{"type":"multiple","difficulty":"medium","category":"Mythology","question":"What is the name of the Greek god of blacksmiths?","correct_answer":"Hephaestus","incorrect_answers":["Dyntos","Vulcan","Artagatus"]},{"type":"multiple","difficulty":"easy","category":"Mythology","question":"Which of these mythological creatures is said to be half-man and half-horse?","correct_answer":"Centaur","incorrect_answers":["Minotaur","Pegasus","Gorgon"]},{"type":"multiple","difficulty":"easy","category":"Mythology","question":"In Greek mythology, who is the god of wine?","correct_answer":"Dionysus","incorrect_answers":["Hephaestus","Demeter","Apollo"]},{"type":"multiple","difficulty":"medium","category":"Mythology","question":"Who was the Roman god of fire?","correct_answer":"Vulcan","incorrect_answers":["Apollo","Jupiter","Mercury"]},{"type":"boolean","difficulty":"easy","category":"Mythology","question":"In Norse mythology, Thor once dressed as a woman.","correct_answer":"True","incorrect_answers":["False"]},{"type":"multiple","difficulty":"easy","category":"Mythology","question":"The ancient Roman god of war was commonly known as which of the following?","correct_answer":"Mars","incorrect_answers":["Jupiter","Juno","Ares"]},{"type":"boolean","difficulty":"easy","category":"Mythology","question":"A wyvern is the same as a dragon.","correct_answer":"False","incorrect_answers":["True"]},{"type":"boolean","difficulty":"medium","category":"Mythology","question":"In Greek mythology, Hera is the goddess of harvest.","correct_answer":"False","incorrect_answers":["True"]},{"type":"multiple","difficulty":"easy","category":"Mythology","question":"Which figure from Greek mythology traveled to the underworld to return his wife Eurydice to the land of the living?","correct_answer":"Orpheus","incorrect_answers":["Hercules","Perseus","Daedalus"]},{"type":"boolean","difficulty":"medium","category":"Mythology","question":"According to Norse mythology, Loki is a mother.","correct_answer":"True","incorrect_answers":["False"]},{"type":"multiple","difficulty":"hard","category":"Mythology","question":"What immense structure is referred to in Norse Mythology as the Yggdrasil.","correct_answer":"Tree","incorrect_answers":["Mountain","Temple","Castle"]},{"type":"multiple","difficulty":"medium","category":"Mythology","question":"Hera is god of...","correct_answer":"Marriage","incorrect_answers":["Agriculture","Sea","War"]},{"type":"multiple","difficulty":"easy","category":"Mythology","question":"Who was the King of Gods in Ancient Greek mythology?","correct_answer":"Zeus","incorrect_answers":["Apollo","Hermes","Poseidon"]},{"type":"multiple","difficulty":"hard","category":"Mythology","question":"In Greek Mythology, who was the daughter of King Minos?","correct_answer":"Ariadne","incorrect_answers":["Athena","Ariel","Alana"]},{"type":"boolean","difficulty":"easy","category":"Mythology","question":"According to Greek Mythology, Atlas was an Olympian God.","correct_answer":"False","incorrect_answers":["True"]},{"type":"multiple","difficulty":"hard","category":"Mythology","question":"Which of the following is NOT a god in Norse Mythology.","correct_answer":"Jens","incorrect_answers":["Loki","Tyr","Snotra"]},{"type":"multiple","difficulty":"easy","category":"Mythology","question":"The Nike apparel and footwear brand takes it&#039;s name from the Greek goddess of what?","correct_answer":"Victory","incorrect_answers":["Courage","Strength","Honor"]},{"type":"multiple","difficulty":"medium","category":"Mythology","question":"Hel was the daughter of which Norse Mythological figure?","correct_answer":"Loki","incorrect_answers":["Thor","Odin","Balder"]},{"type":"multiple","difficulty":"hard","category":"Mythology","question":"According to Algonquian folklore, how does one transform into a Wendigo?","correct_answer":"Participating in cannibalism.","incorrect_answers":["Excessive mutilation of animal corpses.","Performing a ritual involving murder.","Drinking the blood of many slain animals."]},{"type":"multiple","difficulty":"hard","category":"Mythology","question":"Nidhogg is a mythical creature from what mythology?","correct_answer":"Norse","incorrect_answers":["Egyptian","Greek","Hindu"]},{"type":"multiple","difficulty":"easy","category":"Mythology","question":"Who was the only god from Greece who did not get a name change in Rome?","correct_answer":"Apollo","incorrect_answers":["Demeter","Zeus","Athena"]},{"type":"multiple","difficulty":"hard","category":"Mythology","question":"Who is a minor god that is protector and creator of various arts, such as cheese making and bee keeping.","correct_answer":"Aristaeus","incorrect_answers":["Autonoe","Carme","Cephisso"]},{"type":"multiple","difficulty":"medium","category":"Mythology","question":"According to Japanese folklore, what is the favorite food of the Kappa.","correct_answer":"Cucumbers","incorrect_answers":["Kabocha","Nasu","Soba"]},{"type":"boolean","difficulty":"medium","category":"Mythology","question":"The Japanese god Izanagi successfully returned his wife Izanami from the Underworld.","correct_answer":"False","incorrect_answers":["True"]},{"type":"multiple","difficulty":"easy","category":"Mythology","question":"Which Greek &amp; Roman god was known as the god of music, truth and prophecy, healing, the sun and light, plague, poetry, and more?","correct_answer":"Apollo","incorrect_answers":["Aphrodite","Artemis","Athena"]},{"type":"multiple","difficulty":"hard","category":"Mythology","question":"Which Norse God has a horse named Sleipnir?","correct_answer":"Odin","incorrect_answers":["Thor","Frigg","Balder"]},{"type":"multiple","difficulty":"medium","category":"Mythology","question":"The Maori hold that which island nation was founded by Kupe, who discovered it under a long white cloud?","correct_answer":"New Zealand","incorrect_answers":["Vanuatu","Fiji","Hawaii"]}]