[{"type":"boolean","difficulty":"easy","category":"Politics","question":"Denmark has a monarch.","correct_answer":"True","incorrect_answers":["False"]},{"type":"multiple","difficulty":"medium","category":"Politics","question":"What is former United States President Bill Clinton&#039;s full name?","correct_answer":"William Jefferson Clinton","incorrect_answers":["William Roosevelt Clinton","William Truman Clinton","William Lincoln Clinton"]},{"type":"multiple","difficulty":"hard","category":"Politics","question":"What year did the effort to deploy the Common Core State Standards (CCSS) in the US begin?","correct_answer":"2009","incorrect_answers":["2012","2006","1997"]},{"type":"boolean","difficulty":"medium","category":"Politics","question":"George W. Bush lost the popular vote in the 2004 United States presidential election.","correct_answer":"False","incorrect_answers":["True"]},{"type":"multiple","difficulty":"easy","category":"Politics","question":"Who was the 45th President of the United States?","correct_answer":"Donald Trump","incorrect_answers":["Barack Obama","Bill Clinton","George Bush"]},{"type":"multiple","difficulty":"medium","category":"Politics","question":"Who was the only president to not be in office in Washington D.C?","correct_answer":"George Washington","incorrect_answers":["Abraham Lincoln","Richard Nixon","Thomas Jefferson"]},{"type":"multiple","difficulty":"medium","category":"Politics","question":"Who was the 40th President of the USA?","correct_answer":"Ronald Reagan","incorrect_answers":["Jimmy Carter","Bill Clinton","Richard Nixon"]},{"type":"multiple","difficulty":"medium","category":"Politics","question":"Between 1973 to 1990, what country was ruled by dictator Augusto Pinochet?","correct_answer":"Chile","incorrect_answers":["Ethiopia","Indonesia","Nicaragua"]},{"type":"multiple","difficulty":"medium","category":"Politics","question":"Who succeeded Joseph Stalin as General Secretary of the Communist Party of the Soviet Union?","correct_answer":"Nikita Khrushchev","incorrect_answers":["Leonid Brezhnev","Mikhail Gorbachev","Boris Yeltsin"]},{"type":"multiple","difficulty":"medium","category":"Politics","question":"The 2014 movie &quot;The Raid 2: Berandal&quot; was mainly filmed in which Asian country?","correct_answer":"Indonesia","incorrect_answers":["Thailand","Brunei","Malaysia"]},{"type":"multiple","difficulty":"hard","category":"Politics","question":"Which of the following United States senators is known for performing a 24-hour long filibuster?","correct_answer":"Strom Thurmond","incorrect_answers":["Roy Blunt","John Barrasso","Chuck Schumer"]},{"type":"multiple","difficulty":"medium","category":"Politics","question":"Who became Prime Minister of the United Kingdom in July 2016?","correct_answer":"Theresa May","incorrect_answers":["Boris Johnson","David Cameron","Tony Blair"]},{"type":"boolean","difficulty":"medium","category":"Politics","question":"Jeb Bush was elected as Governor of Florida in 2002, starting his political career.","correct_answer":"False","incorrect_answers":["True"]},{"type":"multiple","difficulty":"medium","category":"Politics","question":"Before 2016, in which other year did Donald Trump run for President?","correct_answer":"2000","incorrect_answers":["2012","1988","2008"]},{"type":"multiple","difficulty":"easy","category":"Politics","question":"Whose 2016 presidential campaign slogan was &quot;Make America Great Again&quot;?","correct_answer":"Donald Trump","incorrect_answers":["Ted Cruz","Marco Rubio","Bernie Sanders"]},{"type":"multiple","difficulty":"easy","category":"Politics","question":"Which of the following Pacific Islander countries is ruled by a constitutional monarchy?","correct_answer":"Tonga","incorrect_answers":["Palau","Fiji","Kiribati"]},{"type":"multiple","difficulty":"medium","category":"Politics","question":"Due to the Nagoya Resolution, China agreed to allow Taiwan to compete separately in international sporting events under what name?","correct_answer":"Chinese Taipei","incorrect_answers":["Chinese Taiwan","Republic of Taiwan","Republic of Taipei "]},{"type":"multiple","difficulty":"hard","category":"Politics","question":"What is centralism?","correct_answer":" Concentration of power and authority in a central organization.","incorrect_answers":["Conforming to one single common political agenda.","Remaining politically neutral.","The grey area in the spectrum of political left and right."]},{"type":"boolean","difficulty":"easy","category":"Politics","question":"There was a satirical candidate named &quot;Deez Nuts&quot; running in the 2016 US presidential elections.","correct_answer":"True","incorrect_answers":["False"]},{"type":"multiple","difficulty":"medium","category":"Politics","question":"The Watergate Scandal occured in what year?","correct_answer":"1972","incorrect_answers":["1973","1974","1971"]},{"type":"multiple","difficulty":"hard","category":"Politics","question":"What is the name of Niccol&ograve; Machiavelli&#039;s work that argued effective leaders needed to crush their opponents at all costs?","correct_answer":"The Prince","incorrect_answers":["The Rape of Lucrece","Will to Power","Love&#039;s Labours Lost"]},{"type":"multiple","difficulty":"medium","category":"Politics","question":"Which former US president used &quot;Let&#039;s Make America Great Again&quot; as his campaign slogan before Donald Trump&#039;s campaign?","correct_answer":"Ronald Reagan","incorrect_answers":["Jimmy Carter","Gerald Ford","Richard Nixon"]},{"type":"multiple","difficulty":"hard","category":"Politics","question":"&quot;Yes, America Can!&quot; was this United States politician&#039;s de facto campaign slogan in 2004.","correct_answer":"George W. Bush","incorrect_answers":["John Kerry","Barack Obama","Al Gore"]},{"type":"multiple","difficulty":"hard","category":"Politics","question":"Who is the only US president to serve two non-consecutive terms in office?","correct_answer":"Grover Cleveland","incorrect_answers":["James K. Polk","Franklin D. Roosevelt","Thomas Jefferson"]},{"type":"multiple","difficulty":"hard","category":"Politics","question":"Which of these was an official candidate in the 2017 British General Election?","correct_answer":"Lord Buckethead","incorrect_answers":["James Francis","Robert Wimbledon","Sir Crumpetsby"]},{"type":"multiple","difficulty":"medium","category":"Politics","question":"Before 2011, &quot;True Capitalist Radio&quot; was known by a different name. What was that name?","correct_answer":"True Conservative Radio","incorrect_answers":["True Republican Radio","Texan Capitalist Radio","United Capitalists"]},{"type":"multiple","difficulty":"hard","category":"Politics","question":"Which Native American tribe/nation requires at least one half blood quantum (equivalent to one parent) to be eligible for membership?","correct_answer":"Yomba Shoshone Tribe","incorrect_answers":["Standing Rock Sioux Tribe","Kiowa Tribe of Oklahoma","Pawnee Nation of Oklahoma"]},{"type":"multiple","difficulty":"easy","category":"Politics","question":"The largest consumer market in 2015 was...","correct_answer":"The United States of America","incorrect_answers":["Germany","Japan","United Kingdom"]},{"type":"multiple","difficulty":"medium","category":"Politics","question":"Who was the British Prime Minister at the outbreak of the Second World War?","correct_answer":"Neville Chamberlain","incorrect_answers":["Clement Attlee","Winston Churchill","Stanley Baldwin"]},{"type":"boolean","difficulty":"hard","category":"Politics","question":"George Clinton, Vice President of the United States (1805-1812), is an ancestor of President Bill Clinton.","correct_answer":"False","incorrect_answers":["True"]},{"type":"multiple","difficulty":"easy","category":"Politics","question":"Which former US president was nicknamed &quot;Teddy&quot; after he refused to shoot a defenseless black bear?","correct_answer":"Theodore Roosevelt","incorrect_answers":["Woodrow Wilson","James F. Fielder","Andrew Jackson"]},{"type":"multiple","difficulty":"medium","category":"Politics","question":"Which president erased the national debt of the United States?","correct_answer":"Andrew Jackson","incorrect_answers":["Ronald Reagan","John F. Kennedy","Franklin Roosevelt"]},{"type":"multiple","difficulty":"medium","category":"Politics","question":"Who was elected leader of the UK Labour Party in September 2015?","correct_answer":"Jeremy Corbyn","incorrect_answers":["Ed Miliband","David Cameron","Theresa May"]},{"type":"boolean","difficulty":"hard","category":"Politics","question":"Nazi Germany surrendered on Harry Truman&#039;s birthday while he was president.","correct_answer":"True","incorrect_answers":["False"]},{"type":"boolean","difficulty":"easy","category":"Politics","question":"Former president Theodore Roosevelt (1900-1908)  ran for another term under the Progressive Party in 1912.","correct_answer":"True","incorrect_answers":["False"]},{"type":"boolean","difficulty":"hard","category":"Politics","question":"Joko Widodo has appeared in the cover of a TIME magazine.","correct_answer":"True","incorrect_answers":["False"]},{"type":"boolean","difficulty":"easy","category":"Politics","question":"Russia passed a law in 2013 which outlaws telling children that homosexuals exist.","correct_answer":"True","incorrect_answers":["False"]},{"type":"multiple","difficulty":"medium","category":"Politics","question":"What was the personal nickname of the 40th Governor of the US State Louisiana, Huey Long?","correct_answer":"The Kingfish","incorrect_answers":["The Champ","The Hoot Owl","The Oracle"]},{"type":"multiple","difficulty":"easy","category":"Politics","question":"Former United States President Bill Clinton famously played which instrument?","correct_answer":"Saxophone","incorrect_answers":["Baritone horn","Piano","Violin"]},{"type":"multiple","difficulty":"hard","category":"Politics","question":"In June 2017, Saudi Arabia and Egypt broke off ties with which country over its supposed support for terrorism?","correct_answer":"Qatar","incorrect_answers":["Bahrain","United States of America","Russia"]},{"type":"boolean","difficulty":"easy","category":"Politics","question":"The S in Harry S. Truman stands for &quot;Samuel&quot;.","correct_answer":"False","incorrect_answers":["True"]},{"type":"multiple","difficulty":"medium","category":"Politics","question":"In United States history, how many vice presidents did Franklin D. Roosevelt have during his time in office as president?","correct_answer":"3","incorrect_answers":["1","2","0"]},{"type":"multiple","difficulty":"medium","category":"Politics","question":"What year did Gerald Ford Become President?","correct_answer":"1974","incorrect_answers":["1977","1973","1969"]},{"type":"multiple","difficulty":"easy","category":"Politics","question":"According to the United States Constitution, how old must a person be to be elected President of the United States?","correct_answer":"35","incorrect_answers":["30","40","45"]},{"type":"boolean","difficulty":"easy","category":"Politics","question":"Despite being seperated into multiple countries, The Scandinavian countries are unified by all having the same monarch.","correct_answer":"False","incorrect_answers":["True"]},{"type":"multiple","difficulty":"easy","category":"Politics","question":"How many people are in the U.S. House of Representatives?","correct_answer":"435","incorrect_answers":["260","415","50"]},{"type":"multiple","difficulty":"hard","category":"Politics","question":"Which letter do you need to have on a European driver license in order to ride any motorbikes?","correct_answer":"A","incorrect_answers":["X","D","B"]},{"type":"boolean","difficulty":"easy","category":"Politics","question":"The 2016 United States Presidential Election is the first time Hillary Clinton has run for President.","correct_answer":"False","incorrect_answers":["True"]},{"type":"multiple","difficulty":"medium","category":"Politics","question":"Which of the following Argentinian presidents was elected in 2015?","correct_answer":"Mauricio Macri","incorrect_answers":["Cristina Fernandez de Kirchner","Nestor Kirchner","Juan Domingo Peron"]},{"type":"boolean","difficulty":"easy","category":"Politics","question":"Donald Trump won the popular vote in the 2016 United States presidential election.","correct_answer":"False","incorrect_answers":["True"]}]