[{"type":"boolean","difficulty":"easy","category":"Science: Mathematics","question":"An equilateral triangle always has every angle measuring 60&deg;.","correct_answer":"True","incorrect_answers":["False"]},{"type":"boolean","difficulty":"medium","category":"Science: Mathematics","question":"111,111,111 x 111,111,111 = 12,345,678,987,654,321","correct_answer":"True","incorrect_answers":["False"]},{"type":"multiple","difficulty":"medium","category":"Science: Mathematics","question":"What type of function is x&sup2;+2x+1?","correct_answer":"Quadratic","incorrect_answers":["Rational","Linear","Exponential"]},{"type":"multiple","difficulty":"hard","category":"Science: Mathematics","question":"What is the fourth digit of &pi;?","correct_answer":"1","incorrect_answers":["2","3","4"]},{"type":"multiple","difficulty":"hard","category":"Science: Mathematics","question":"How many zeptometres are inside one femtometre?","correct_answer":"1,000,000","incorrect_answers":["10","1,000,000,000","1000"]},{"type":"multiple","difficulty":"hard","category":"Science: Mathematics","question":"The French mathematician &Eacute;variste Galois is primarily known for his work in which?","correct_answer":"Galois Theory","incorrect_answers":["Galois&#039; Continued Fractions","Galois&#039; Method for PDE&#039;s ","Abelian Integration"]},{"type":"multiple","difficulty":"medium","category":"Science: Mathematics","question":"How many zeros are there in a googol?","correct_answer":"100","incorrect_answers":["10","1,000","1,000,000"]},{"type":"multiple","difficulty":"medium","category":"Science: Mathematics","question":"What are the first 6 digits of the number &quot;Pi&quot;?","correct_answer":"3.14159","incorrect_answers":["3.14169","3.12423","3.25812"]},{"type":"boolean","difficulty":"medium","category":"Science: Mathematics","question":"You can square root a negative number with an imaginary number &quot;i&quot;.","correct_answer":"True","incorrect_answers":["False"]},{"type":"multiple","difficulty":"medium","category":"Science: Mathematics","question":"What is the area of a circle with a diameter of 20 inches if &pi;= 3.1415?","correct_answer":"314.15 Inches","incorrect_answers":["380.1215 Inches","3141.5 Inches","1256.6 Inches"]},{"type":"multiple","difficulty":"hard","category":"Science: Mathematics","question":"What is the approximate value of mathematical constant e?","correct_answer":"2.72","incorrect_answers":["3.14","1.62","1.41"]},{"type":"boolean","difficulty":"easy","category":"Science: Mathematics","question":"A scalene triangle has two sides of equal length.","correct_answer":"False","incorrect_answers":["True"]},{"type":"boolean","difficulty":"easy","category":"Science: Mathematics","question":"A universal set, or a set that contains all sets, exists.","correct_answer":"False","incorrect_answers":["True"]},{"type":"multiple","difficulty":"hard","category":"Science: Mathematics","question":"Which of these numbers is closest to the total number of possible states for an army standard Enigma Machine?","correct_answer":"1.58 x 10^20","incorrect_answers":["1.58 x 10^22","1.58 x  10^18","1.58 x 10^24"]},{"type":"multiple","difficulty":"easy","category":"Science: Mathematics","question":"In Roman Numerals, what does XL equate to?","correct_answer":"40","incorrect_answers":["60","15","90"]},{"type":"boolean","difficulty":"medium","category":"Science: Mathematics","question":"Zero factorial is equal to zero. ","correct_answer":"False","incorrect_answers":["True"]},{"type":"multiple","difficulty":"hard","category":"Science: Mathematics","question":"What is the derivative of Acceleration with respect to time?","correct_answer":"Jerk","incorrect_answers":["Shift","Bump","Slide"]},{"type":"multiple","difficulty":"easy","category":"Science: Mathematics","question":"What&#039;s the square root of 49?","correct_answer":"7","incorrect_answers":["4","12","9"]},{"type":"boolean","difficulty":"medium","category":"Science: Mathematics","question":"E = MC3","correct_answer":"False","incorrect_answers":["True"]},{"type":"multiple","difficulty":"hard","category":"Science: Mathematics","question":"What is the smallest number that can be expressed as the sum of two positive cubes in two different ways?","correct_answer":"1729","incorrect_answers":["91","561","4104"]},{"type":"boolean","difficulty":"medium","category":"Science: Mathematics","question":"The proof for the Chinese Remainder Theorem used in Number Theory was NOT developed by its first publisher, Sun Tzu.","correct_answer":"True","incorrect_answers":["False"]},{"type":"boolean","difficulty":"hard","category":"Science: Mathematics","question":"In Topology, the complement of an open set is a closed set.","correct_answer":"True","incorrect_answers":["False"]},{"type":"boolean","difficulty":"easy","category":"Science: Mathematics","question":"An isosceles triangle has two sides of equal length as opposed to three.","correct_answer":"True","incorrect_answers":["False"]},{"type":"multiple","difficulty":"easy","category":"Science: Mathematics","question":"The metric prefix &quot;atto-&quot; makes a measurement how much smaller than the base unit?","correct_answer":"One Quintillionth","incorrect_answers":["One Billionth","One Quadrillionth","One Septillionth"]},{"type":"boolean","difficulty":"hard","category":"Science: Mathematics","question":"The binary number &quot;101001101&quot; is equivalent to the Decimal number &quot;334&quot;","correct_answer":"False","incorrect_answers":["True"]},{"type":"boolean","difficulty":"hard","category":"Science: Mathematics","question":"L&#039;H&ocirc;pital was the mathematician who created the homonymous rule that uses derivatives to evaluate limits with indeterminations.","correct_answer":"False","incorrect_answers":["True"]},{"type":"multiple","difficulty":"medium","category":"Science: Mathematics","question":"In the complex plane, multiplying a given function by i rotates it anti-clockwise by how many degrees?","correct_answer":"90","incorrect_answers":["180","270","0"]},{"type":"boolean","difficulty":"easy","category":"Science: Mathematics","question":"The sum of any two odd integers is odd.","correct_answer":"False","incorrect_answers":["True"]},{"type":"multiple","difficulty":"easy","category":"Science: Mathematics","question":"What is the symbol for Displacement?","correct_answer":"&Delta;r","incorrect_answers":["dr","Dp","r"]},{"type":"multiple","difficulty":"medium","category":"Science: Mathematics","question":"In the hexadecimal system, what number comes after 9?","correct_answer":"The Letter A","incorrect_answers":["10","The Number 0","16"]},{"type":"multiple","difficulty":"hard","category":"Science: Mathematics","question":"The decimal number 31 in hexadecimal would be what?","correct_answer":"1F","incorrect_answers":["3D","2E","1B"]},{"type":"multiple","difficulty":"easy","category":"Science: Mathematics","question":"How many sides does a trapezium have?","correct_answer":"4","incorrect_answers":["3","5","6"]},{"type":"multiple","difficulty":"hard","category":"Science: Mathematics","question":"Which of the following mathematicians made major contributions to game theory?","correct_answer":"John Von Neumann","incorrect_answers":["Carl Friedrich Gauss","Leonhard Euler","Stefan Banach"]},{"type":"multiple","difficulty":"medium","category":"Science: Mathematics","question":"What is the first Mersenne prime exponent over 1000?","correct_answer":"1279","incorrect_answers":["2203","1009","1069"]},{"type":"multiple","difficulty":"medium","category":"Science: Mathematics","question":"Which mathematician refused the Fields Medal?","correct_answer":"Grigori Perelman","incorrect_answers":["Andrew Wiles","Terence Tao","Edward Witten"]},{"type":"boolean","difficulty":"medium","category":"Science: Mathematics","question":"The set of all algebraic numbers is countable.","correct_answer":"True","incorrect_answers":["False"]},{"type":"boolean","difficulty":"medium","category":"Science: Mathematics","question":"The Pythagorean theorem states that the square of the hypotenuse is equal to the product of the squares of the other two sides.","correct_answer":"False","incorrect_answers":["True"]},{"type":"boolean","difficulty":"medium","category":"Science: Mathematics","question":"A &#039;Millinillion&#039; is a real number.","correct_answer":"True","incorrect_answers":["False"]},{"type":"multiple","difficulty":"medium","category":"Science: Mathematics","question":"To the nearest whole number, how many radians are in a whole circle?","correct_answer":"6","incorrect_answers":["3","4","5"]},{"type":"multiple","difficulty":"medium","category":"Science: Mathematics","question":"What Greek letter is used to signify summation?","correct_answer":"Sigma","incorrect_answers":["Delta","Alpha","Omega"]},{"type":"multiple","difficulty":"easy","category":"Science: Mathematics","question":"How many sides does a heptagon have?","correct_answer":"7","incorrect_answers":["8","6","5"]},{"type":"boolean","difficulty":"easy","category":"Science: Mathematics","question":"The &#039;Squaring the Circle&#039; problem is solvable.","correct_answer":"False","incorrect_answers":["True"]},{"type":"multiple","difficulty":"hard","category":"Science: Mathematics","question":"The notion of a &quot;set that contains all sets which do not contain themselves&quot; is a paradoxical idea attributed to which English philospher?","correct_answer":"Bertrand Russel","incorrect_answers":["Francis Bacon","John Locke","Alfred North Whitehead"]},{"type":"multiple","difficulty":"easy","category":"Science: Mathematics","question":"What prime number comes next after 19?","correct_answer":"23","incorrect_answers":["25","21","27"]},{"type":"multiple","difficulty":"medium","category":"Science: Mathematics","question":"What shape does sin(x) or cos(x) make on a graph?","correct_answer":"Waves","incorrect_answers":["A Parabola","A Straight Line","Zig-Zags"]},{"type":"multiple","difficulty":"medium","category":"Science: Mathematics","question":"What is the Roman numeral for 500?","correct_answer":"D","incorrect_answers":["L","C","X"]},{"type":"multiple","difficulty":"medium","category":"Science: Mathematics","question":"What is the alphanumeric representation of the imaginary number?","correct_answer":"i","incorrect_answers":["e","n","x"]},{"type":"boolean","difficulty":"hard","category":"Science: Mathematics","question":"If you could fold a piece of paper in half 50 times, its&#039; thickness will be 3/4th the distance from the Earth to the Sun.","correct_answer":"True","incorrect_answers":["False"]},{"type":"multiple","difficulty":"medium","category":"Science: Mathematics","question":"Which of the following dice is not a platonic solid?","correct_answer":"10-sided die","incorrect_answers":["12-sided die","20-sided die","8-sided die"]},{"type":"multiple","difficulty":"hard","category":"Science: Mathematics","question":"How many Millibars (mbar) to 1 Inch of Mercury (inHg)","correct_answer":"33.9","incorrect_answers":["30.0","27.4","10.6"]}]