[{"type":"multiple","difficulty":"medium","category":"Science &amp; Nature","question":"Which of these stars is the largest?","correct_answer":"UY Scuti","incorrect_answers":["VY Canis Majoris","Betelgeuse","RW Cephei"]},{"type":"multiple","difficulty":"medium","category":"Science &amp; Nature","question":"What is the largest living organism currently known to man?","correct_answer":"Honey Fungus","incorrect_answers":["Blue Whale","Redwood Tree","The Coral Reef"]},{"type":"multiple","difficulty":"hard","category":"Science &amp; Nature","question":"What is the scientific name of the knee cap?","correct_answer":"Patella","incorrect_answers":["Femur","Foramen Magnum","Scapula"]},{"type":"multiple","difficulty":"medium","category":"Science &amp; Nature","question":"To the nearest minute, how long does it take for light to travel from the Sun to the Earth?","correct_answer":"8 Minutes","incorrect_answers":["6 Minutes","2 Minutes","12 Minutes"]},{"type":"multiple","difficulty":"medium","category":"Science &amp; Nature","question":"The &quot;Tibia&quot; is found in which part of the body?","correct_answer":"Leg","incorrect_answers":["Arm","Hand","Head"]},{"type":"multiple","difficulty":"hard","category":"Science &amp; Nature","question":"What is the name for the auditory illusion of a note that seems to be rising infinitely?","correct_answer":"Shepard Tone","incorrect_answers":["Glissandro Illusion","Fransen Effect","McGurck Effect"]},{"type":"multiple","difficulty":"medium","category":"Science &amp; Nature","question":"Who made the discovery of X-rays?","correct_answer":"Wilhelm Conrad R&ouml;ntgen","incorrect_answers":["Thomas Alva Edison","James Watt","Albert Einstein"]},{"type":"multiple","difficulty":"hard","category":"Science &amp; Nature","question":"What causes the sound of a heartbeat?","correct_answer":"Closure of the heart valves","incorrect_answers":["Contraction of the heart chambers","Blood exiting the heart","Relaxation of the heart chambers"]},{"type":"multiple","difficulty":"medium","category":"Science &amp; Nature","question":"What is the unit of electrical capacitance?","correct_answer":"Farad","incorrect_answers":["Gauss","Henry","Watt"]},{"type":"multiple","difficulty":"medium","category":"Science &amp; Nature","question":"Down Syndrome is usually caused by an extra copy of which chromosome?","correct_answer":"21","incorrect_answers":["23","15","24"]},{"type":"multiple","difficulty":"medium","category":"Science &amp; Nature","question":"A positron is an antiparticle of a what?","correct_answer":"Electron","incorrect_answers":["Neutron","Proton","Photon"]},{"type":"multiple","difficulty":"hard","category":"Science &amp; Nature","question":"What does the term &quot;isolation&quot; refer to in microbiology?","correct_answer":"The separation of a strain from a natural, mixed population of living microbes","incorrect_answers":["A lack of nutrition in microenviroments","The nitrogen level in soil","Testing effects of certain microorganisms in an isolated enviroments, such as caves"]},{"type":"multiple","difficulty":"hard","category":"Science &amp; Nature","question":"What is the same in Celsius and Fahrenheit?","correct_answer":"-40","incorrect_answers":["32","-39","-42"]},{"type":"multiple","difficulty":"hard","category":"Science &amp; Nature","question":"Which of these is a stop codon in DNA?","correct_answer":"TAA","incorrect_answers":["ACT","ACA","GTA"]},{"type":"multiple","difficulty":"hard","category":"Science &amp; Nature","question":"What is the molecular formula of Glucose?","correct_answer":"C6H12O6","incorrect_answers":["C2H4O2","K+","CH4"]},{"type":"multiple","difficulty":"medium","category":"Science &amp; Nature","question":"Where did the dog breed &quot;Chihuahua&quot; originate?","correct_answer":"Mexico","incorrect_answers":["France","Spain","Russia"]},{"type":"boolean","difficulty":"easy","category":"Science &amp; Nature","question":"An atom contains a nucleus.","correct_answer":"True","incorrect_answers":["False"]},{"type":"multiple","difficulty":"easy","category":"Science &amp; Nature","question":"What is the hottest planet in the Solar System?","correct_answer":"Venus","incorrect_answers":["Mars","Mercury","Jupiter"]},{"type":"multiple","difficulty":"hard","category":"Science &amp; Nature","question":"The Western Lowland Gorilla is scientifically know as?","correct_answer":"Gorilla Gorilla Gorilla","incorrect_answers":["Gorilla Gorilla Diehli","Gorilla Beringei Graueri","Gorilla Beringei Beringei"]},{"type":"multiple","difficulty":"medium","category":"Science &amp; Nature","question":"Which one of these scientists conducted the Gold Foil Experiment which concluded that atoms are mostly made of empty space?","correct_answer":"Ernest Rutherford","incorrect_answers":["Joseph John Thomson","Archimedes","Niels Henrik David Bohr"]},{"type":"multiple","difficulty":"hard","category":"Science &amp; Nature","question":"A comet&#039;s gaseous envelope (which creates the tail) is called what?","correct_answer":"The coma","incorrect_answers":["The wake","The backwash","The ablative"]},{"type":"multiple","difficulty":"hard","category":"Science &amp; Nature","question":"What element on the periodic table has 92 electrons?","correct_answer":"Uranium","incorrect_answers":["Sulfur","Hydrogen","Iron"]},{"type":"multiple","difficulty":"easy","category":"Science &amp; Nature","question":"What is the powerhouse of the cell?","correct_answer":"Mitochondria","incorrect_answers":["Ribosome","Redbull","Nucleus"]},{"type":"multiple","difficulty":"medium","category":"Science &amp; Nature","question":"When the Falcon Heavy was launched on it&#039;s test flight, what was the only part of the operation that failed?","correct_answer":"Center Core Landing","incorrect_answers":["Side Booster Landing","Deployment of Starman","Ignition and Liftoff"]},{"type":"multiple","difficulty":"hard","category":"Science &amp; Nature","question":"What was the first organic compound to be synthesized from inorganic compounds?","correct_answer":"Urea","incorrect_answers":["Propane","Ethanol","Formaldehyde"]},{"type":"multiple","difficulty":"medium","category":"Science &amp; Nature","question":"Which desert is the only desert in the world where the &quot;Saguaro&quot; cactus grows indigenously?","correct_answer":"The Sonoran Desert","incorrect_answers":["The Gobi Desert","The Yuma Desert","The Arabian Desert"]},{"type":"multiple","difficulty":"easy","category":"Science &amp; Nature","question":"What is the speed of light in a vacuum?","correct_answer":"299,792,458 m/s","incorrect_answers":["50,461 m/s","308,215,043 m/s","751,665,014,151 m/s"]},{"type":"multiple","difficulty":"medium","category":"Science &amp; Nature","question":"Deionized water is water with which of the following removed?","correct_answer":"Iron","incorrect_answers":["Oxygen","Hydrogen","Uncharged atoms"]},{"type":"multiple","difficulty":"hard","category":"Science &amp; Nature","question":"How much radiation does a banana emit?","correct_answer":"0.1 Microsievert","incorrect_answers":["0.3 Microsievert","0.5 Microsievert","0.7 Microsievert"]},{"type":"multiple","difficulty":"easy","category":"Science &amp; Nature","question":"Which element has the chemical symbol &#039;Fe&#039;?","correct_answer":"Iron","incorrect_answers":["Gold","Silver","Tin"]},{"type":"multiple","difficulty":"hard","category":"Science &amp; Nature","question":"What is &quot;Stenoma&quot;?","correct_answer":"A genus of moths","incorrect_answers":["A combat stimulant from WW2","A type of seasoning","A port city in the carribean"]},{"type":"multiple","difficulty":"easy","category":"Science &amp; Nature","question":"The human heart has how many chambers?","correct_answer":"4","incorrect_answers":["2","6","3"]},{"type":"multiple","difficulty":"medium","category":"Science &amp; Nature","question":"What term is best associated with Sigmund Freud?","correct_answer":"Psychoanalysis","incorrect_answers":["Cognitive-Behavioral Therapy","Theory of Gravity","Dialectical Behavior Therapy"]},{"type":"multiple","difficulty":"hard","category":"Science &amp; Nature","question":"Which of the following are cells of the adaptive immune system?","correct_answer":"Cytotoxic T cells","incorrect_answers":["Dendritic cells","Natural killer cells","White blood cells"]},{"type":"multiple","difficulty":"medium","category":"Science &amp; Nature","question":"Which of the following spacecraft never touched the moon?","correct_answer":"Mariner 4","incorrect_answers":["Apollo 11","Luna 2","SMART-1"]},{"type":"boolean","difficulty":"hard","category":"Science &amp; Nature","question":"It was once believed that injecting shark cartilage into people would prevent them from contracting cancer.","correct_answer":"True","incorrect_answers":["False"]},{"type":"multiple","difficulty":"easy","category":"Science &amp; Nature","question":"What lies at the center of our galaxy?","correct_answer":"A black hole","incorrect_answers":["A wormhole","A supernova","A quasar"]},{"type":"boolean","difficulty":"easy","category":"Science &amp; Nature","question":"Water always boils at 100&deg;C, 212&deg;F, 373.15K, no matter where you are.","correct_answer":"False","incorrect_answers":["True"]},{"type":"multiple","difficulty":"easy","category":"Science &amp; Nature","question":"What is the atomic mass of Carbon?","correct_answer":"12","incorrect_answers":["14","16","10"]},{"type":"multiple","difficulty":"easy","category":"Science &amp; Nature","question":"What animal takes part in Schr&ouml;dinger&#039;s most famous thought experiment?","correct_answer":"Cat","incorrect_answers":["Dog","Bat","Butterfly"]},{"type":"multiple","difficulty":"hard","category":"Science &amp; Nature","question":"Which is the chemical name of H2O?","correct_answer":"Dihydrogen Monoxide","incorrect_answers":["Ammonium chloride","Anhydrous Sodium Carbonate","Manganese dioxide"]},{"type":"multiple","difficulty":"hard","category":"Science &amp; Nature","question":"Which moon is the only satellite in our solar system to possess a dense atmosphere?","correct_answer":"Titan","incorrect_answers":["Europa","Miranda","Callisto"]},{"type":"multiple","difficulty":"easy","category":"Science &amp; Nature","question":"Rhinoplasty is a surgical procedure on what part of the human body?","correct_answer":"Nose","incorrect_answers":["Ears","Chin","Neck"]},{"type":"multiple","difficulty":"hard","category":"Science &amp; Nature","question":"How long is a light-year?","correct_answer":"9.461 Trillion Kilometres","incorrect_answers":["1 AU","105.40 Earth-years","501.2 Million Miles"]},{"type":"multiple","difficulty":"medium","category":"Science &amp; Nature","question":"On the periodic table of elements, what is the symbol for Tin?","correct_answer":"Sn","incorrect_answers":["Ti","Ni","Na"]},{"type":"multiple","difficulty":"hard","category":"Science &amp; Nature","question":"&quot;The Big Bang Theory&quot; was first theorized by a priest of what religious ideology?","correct_answer":"Catholic","incorrect_answers":["Christian","Jewish","Islamic"]},{"type":"multiple","difficulty":"easy","category":"Science &amp; Nature","question":"Who discovered the Law of Gravity?","correct_answer":"Sir Isaac Newton","incorrect_answers":["Galileo Galilei","Charles Darwin","Albert Einstein"]},{"type":"multiple","difficulty":"medium","category":"Science &amp; Nature","question":"On which mission did the Space Shuttle Columbia break up upon re-entry?","correct_answer":"STS-107","incorrect_answers":["STS-51-L","STS-61-C","STS-109"]},{"type":"multiple","difficulty":"hard","category":"Science &amp; Nature","question":"What common name is given to the medial condition, tibial stress syndrome (MTSS)?","correct_answer":"Shin Splints","incorrect_answers":["Tennis Elbow","Carpal Tunnel","Housemaid&#039;s Knee"]},{"type":"multiple","difficulty":"easy","category":"Science &amp; Nature","question":"Who is the chemical element Curium named after?","correct_answer":"Marie &amp; Pierre Curie","incorrect_answers":["The Curiosity Rover","Curious George","Stephen Curry"]},{"type":"multiple","difficulty":"hard","category":"Science &amp; Nature","question":"In quantum physics, which of these theorised sub-atomic particles has yet to be observed?","correct_answer":"Graviton","incorrect_answers":["Z boson","Tau neutrino","Gluon"]},{"type":"multiple","difficulty":"easy","category":"Science &amp; Nature","question":"The asteroid belt is located between which two planets?","correct_answer":"Mars and Jupiter","incorrect_answers":["Jupiter and Saturn","Mercury and Venus","Earth and Mars"]},{"type":"multiple","difficulty":"medium","category":"Science &amp; Nature","question":"Which of the following is NOT a passive electrical component?","correct_answer":"Transistor","incorrect_answers":["Resistor","Capacitor","Inductor"]},{"type":"multiple","difficulty":"medium","category":"Science &amp; Nature","question":"The medical condition osteoporosis affects which part of the body?","correct_answer":"Bones","incorrect_answers":["Skin","Brain","Heart"]},{"type":"multiple","difficulty":"easy","category":"Science &amp; Nature","question":"Which is the longest bone in the human body? ","correct_answer":"Femur","incorrect_answers":["Scapula","Fibula","Ulna"]},{"type":"boolean","difficulty":"medium","category":"Science &amp; Nature","question":"The &quot;Gympie Stinger&quot; is the deadliest plant in the world.","correct_answer":"False","incorrect_answers":["True"]},{"type":"boolean","difficulty":"medium","category":"Science &amp; Nature","question":"In the periodic table, Potassium&#039;s symbol is the letter K.","correct_answer":"True","incorrect_answers":["False"]},{"type":"multiple","difficulty":"medium","category":"Science &amp; Nature","question":"Which psychological term refers to the stress of holding contrasting beliefs?","correct_answer":"Cognitive Dissonance","incorrect_answers":["Flip-Flop Syndrome","Split-Brain","Blind Sight"]},{"type":"multiple","difficulty":"hard","category":"Science &amp; Nature","question":"Which of the following is considered classical conditioning?","correct_answer":"Pavlov&#039;s dog experiments","incorrect_answers":["Skinner box experiment","Schr&ouml;dinger&#039;s cat experiment","Harlow&rsquo;s monkey experiments"]},{"type":"multiple","difficulty":"medium","category":"Science &amp; Nature","question":"What is the chemical formula for ammonia?","correct_answer":"NH3","incorrect_answers":["CO2","NO3","CH4"]},{"type":"multiple","difficulty":"hard","category":"Science &amp; Nature","question":"How many legs is it biologically impossible for a centipede to have?","correct_answer":"100","incorrect_answers":["26","50","74"]},{"type":"boolean","difficulty":"easy","category":"Science &amp; Nature","question":"Igneous rocks are formed by excessive heat and pressure.","correct_answer":"False","incorrect_answers":["True"]},{"type":"multiple","difficulty":"medium","category":"Science &amp; Nature","question":"What does the yellow diamond on the NFPA 704 fire diamond represent?","correct_answer":"Reactivity","incorrect_answers":["Health","Flammability","Radioactivity"]},{"type":"multiple","difficulty":"easy","category":"Science &amp; Nature","question":"What does DNA stand for?","correct_answer":"Deoxyribonucleic Acid","incorrect_answers":["Deoxyribogenetic Acid","Deoxyribogenetic Atoms","Detoxic Acid"]},{"type":"boolean","difficulty":"medium","category":"Science &amp; Nature","question":"A person can get sunburned on a cloudy day.","correct_answer":"True","incorrect_answers":["False"]},{"type":"multiple","difficulty":"medium","category":"Science &amp; Nature","question":"Which color cannot be produced in Roses, even through genetic alteration?","correct_answer":"Blue","incorrect_answers":["Black","Orange","Brown"]},{"type":"multiple","difficulty":"medium","category":"Science &amp; Nature","question":"In human biology, a circadium rhythm relates to a period of roughly how many hours?","correct_answer":"24","incorrect_answers":["8","16","32"]},{"type":"multiple","difficulty":"medium","category":"Science &amp; Nature","question":"What is radiation measured in?","correct_answer":"Gray ","incorrect_answers":["Watt","Decibel","Kelvin"]},{"type":"multiple","difficulty":"medium","category":"Science &amp; Nature","question":"The Sun consists of mostly which two elements?","correct_answer":"Hydrogen &amp; Helium","incorrect_answers":["Hydrogen &amp; Nitrogen","Carbon &amp; Nitrogen","Carbon &amp; Helium"]},{"type":"boolean","difficulty":"easy","category":"Science &amp; Nature","question":"Salt is 100% composed of Sodium.","correct_answer":"False","incorrect_answers":["True"]},{"type":"multiple","difficulty":"medium","category":"Science &amp; Nature","question":"What is the name of the cognitive bias wherein a person with low ability in a particular skill mistake themselves as being superior?","correct_answer":"Dunning-Kruger effect","incorrect_answers":["Meyers-Briggs effect","M&uuml;ller-Lyer effect","Freud-Hall effect"]},{"type":"boolean","difficulty":"hard","category":"Science &amp; Nature","question":"The chemical element Lithium is named after the country of Lithuania.","correct_answer":"False","incorrect_answers":["True"]},{"type":"multiple","difficulty":"medium","category":"Science &amp; Nature","question":"Deuterium is an isotope of which element?","correct_answer":"Hydrogen","incorrect_answers":["Nitrogen","Helium","Neon"]},{"type":"multiple","difficulty":"medium","category":"Science &amp; Nature","question":"In Psychology, which need appears highest in the &quot;Maslow&#039;s hierarchy of needs&quot; pyramid?","correct_answer":"Esteem","incorrect_answers":["Love","Safety","Physiological"]},{"type":"multiple","difficulty":"medium","category":"Science &amp; Nature","question":"Which chemical element has the lowest boiling point?","correct_answer":"Helium","incorrect_answers":["Hydrogen","Neon","Nitrogen"]},{"type":"multiple","difficulty":"hard","category":"Science &amp; Nature","question":"How many types of quarks are there in the standard model of physics?","correct_answer":"6","incorrect_answers":["2","3","4"]},{"type":"multiple","difficulty":"hard","category":"Science &amp; Nature","question":"How many objects are equivalent to one mole?","correct_answer":"6.022 x 10^23","incorrect_answers":["6.002 x 10^22","6.022 x 10^22","6.002 x 10^23"]},{"type":"multiple","difficulty":"medium","category":"Science &amp; Nature","question":"Which planet did the &quot;Viking 1&quot; spacecraft send surface images of, starting in 1976?","correct_answer":"Mars","incorrect_answers":["Saturn","Jupiter","Venus"]},{"type":"multiple","difficulty":"medium","category":"Science &amp; Nature","question":"Gannymede is the largest moon of which planet?","correct_answer":"Jupiter","incorrect_answers":["Uranus","Neptune","Mars"]},{"type":"boolean","difficulty":"medium","category":"Science &amp; Nature","question":"The planet Mars has two moons orbiting it.","correct_answer":"True","incorrect_answers":["False"]},{"type":"boolean","difficulty":"easy","category":"Science &amp; Nature","question":"Not including false teeth; A human has two sets of teeth in their lifetime.","correct_answer":"True","incorrect_answers":["False"]},{"type":"boolean","difficulty":"medium","category":"Science &amp; Nature","question":"Pneumonoultramicroscopicsilicovolcanoconiosis is a synonym for the disease known as silicosis.","correct_answer":"True","incorrect_answers":["False"]},{"type":"multiple","difficulty":"hard","category":"Science &amp; Nature","question":"Coulrophobia is the irrational fear of what?","correct_answer":"Clowns","incorrect_answers":["Cemeteries","Needles","Tunnels"]},{"type":"multiple","difficulty":"medium","category":"Science &amp; Nature","question":"When was the first mammal successfully cloned?","correct_answer":"1996","incorrect_answers":["2009","1999","1985"]},{"type":"multiple","difficulty":"medium","category":"Science &amp; Nature","question":"Approximately how long is a year on Uranus?","correct_answer":"84 Earth years","incorrect_answers":["47 Earth years","62 Earth years","109 Earth years"]},{"type":"multiple","difficulty":"easy","category":"Science &amp; Nature","question":"The element involved in making human blood red is which of the following?","correct_answer":"Iron","incorrect_answers":["Copper","Iridium","Cobalt"]},{"type":"boolean","difficulty":"medium","category":"Science &amp; Nature","question":"The most frequent subconscious activity repeated by the human body is blinking.","correct_answer":"False","incorrect_answers":["True"]},{"type":"multiple","difficulty":"easy","category":"Science &amp; Nature","question":"Human cells typically have how many copies of each gene?","correct_answer":"2","incorrect_answers":["1","4","3"]},{"type":"boolean","difficulty":"medium","category":"Science &amp; Nature","question":"Sugar contains fat.","correct_answer":"False","incorrect_answers":["True"]},{"type":"multiple","difficulty":"medium","category":"Science &amp; Nature","question":"Which of these elements on the Periodic Table is a Noble Gas?","correct_answer":"Neon","incorrect_answers":["Potassium","Iodine","Colbalt"]},{"type":"multiple","difficulty":"hard","category":"Science &amp; Nature","question":"The core of the Sun can reach which temperature?","correct_answer":"27&deg; Million F (15&deg; Million C)","incorrect_answers":["938,000&deg; F (521093.3&deg; C)","8&deg; Billion F (&deg;4.4 Billion C)","Absolute Zero (Both F and C)"]},{"type":"multiple","difficulty":"medium","category":"Science &amp; Nature","question":"After which Danish city is the 72th element on the periodic table named?","correct_answer":"Copenhagen","incorrect_answers":["Odense","Herning","Skagen"]},{"type":"multiple","difficulty":"hard","category":"Science &amp; Nature","question":"What is the molecular formula of Ozone?","correct_answer":"O3","incorrect_answers":["C6H2O6","N2O","SO4"]},{"type":"multiple","difficulty":"easy","category":"Science &amp; Nature","question":"Dry ice is the solid form of what substance?","correct_answer":"Carbon dioxide","incorrect_answers":["Nitrogen","Ammonia","Oxygen"]},{"type":"multiple","difficulty":"medium","category":"Science &amp; Nature","question":"Which of these is a type of stretch/deep tendon reflex?","correct_answer":"Ankle jerk reflex","incorrect_answers":["Gag reflex","Pupillary light reflex","Scratch reflex"]},{"type":"multiple","difficulty":"easy","category":"Science &amp; Nature","question":"What is the standard SI unit for temperature?","correct_answer":"Kelvin","incorrect_answers":["Fahrenheit","Celsius","Rankine"]},{"type":"multiple","difficulty":"easy","category":"Science &amp; Nature","question":"Which noble gas has the lowest atomic number?","correct_answer":"Helium","incorrect_answers":["Neon","Argon","Krypton"]},{"type":"multiple","difficulty":"hard","category":"Science &amp; Nature","question":"Which of the following is NOT a word used to describe an earthquake?","correct_answer":"Drop-slide","incorrect_answers":["Foreshock","Strike-slip","Temblor"]},{"type":"multiple","difficulty":"easy","category":"Science &amp; Nature","question":"What is the chemical makeup of water?","correct_answer":"H20","incorrect_answers":["C12H6O2","CO2","H"]},{"type":"multiple","difficulty":"medium","category":"Science &amp; Nature","question":"Which chemical element was originally known as Alabamine?","correct_answer":"Astatine","incorrect_answers":["Selenium","Antimony","Molybdenum"]},{"type":"multiple","difficulty":"easy","category":"Science &amp; Nature","question":"How many chromosomes are in your body cells?","correct_answer":"23","incorrect_answers":["21","22","24"]},{"type":"multiple","difficulty":"easy","category":"Science &amp; Nature","question":"Which is the most abundant element in the universe?","correct_answer":"Hydrogen","incorrect_answers":["Helium","Lithium","Oxygen"]},{"type":"multiple","difficulty":"hard","category":"Science &amp; Nature","question":"On the Beaufort Scale of wind force, what wind name is given to number 8?","correct_answer":"Gale","incorrect_answers":["Storm","Hurricane","Breeze"]},{"type":"multiple","difficulty":"easy","category":"Science &amp; Nature","question":"What is the unit of electrical resistance?","correct_answer":"Ohm","incorrect_answers":["Mho","Tesla","Joule"]},{"type":"multiple","difficulty":"medium","category":"Science &amp; Nature","question":"In aeronautics, flaps and slats are used to control what on an aircraft?","correct_answer":"Lift","incorrect_answers":["Thrust","Drag","Weight "]},{"type":"multiple","difficulty":"hard","category":"Science &amp; Nature","question":"Which constellation contains the center of the Milky Way?","correct_answer":"Sagittarius","incorrect_answers":["Scorpius","Ophiuchus","Capricornus"]},{"type":"multiple","difficulty":"easy","category":"Science &amp; Nature","question":"71% of the Earth&#039;s surface is made up of","correct_answer":"Water","incorrect_answers":["Deserts","Continents","Forests"]},{"type":"multiple","difficulty":"easy","category":"Science &amp; Nature","question":"What is the primary addictive substance found in tobacco?","correct_answer":"Nicotine","incorrect_answers":["Cathinone","Ephedrine","Glaucine"]},{"type":"multiple","difficulty":"easy","category":"Science &amp; Nature","question":"What name is given to all baby marsupials?","correct_answer":"Joey","incorrect_answers":["Calf","Pup","Cub"]},{"type":"multiple","difficulty":"hard","category":"Science &amp; Nature","question":"An organic compound is considered an alcohol if it has what functional group?","correct_answer":"Hydroxyl","incorrect_answers":["Carbonyl","Alkyl","Aldehyde"]},{"type":"multiple","difficulty":"medium","category":"Science &amp; Nature","question":"How many degrees Fahrenheit is 100 degrees Celsius? ","correct_answer":"212","incorrect_answers":["326","100","451"]},{"type":"multiple","difficulty":"medium","category":"Science &amp; Nature","question":"What is the study of the cells and tissues of plants and animals?","correct_answer":"Histology","incorrect_answers":["Microbiology","Anatomy","Biochemistry"]},{"type":"multiple","difficulty":"medium","category":"Science &amp; Nature","question":"What stage of development do the majority of eukaryotic cells remain in for most of their life?","correct_answer":"Interphase","incorrect_answers":["Prophase","Stasis","Telophase"]},{"type":"multiple","difficulty":"medium","category":"Science &amp; Nature","question":"Myopia is the scientific term for which condition?","correct_answer":"Shortsightedness","incorrect_answers":["Farsightedness","Double Vision","Clouded Vision"]},{"type":"multiple","difficulty":"easy","category":"Science &amp; Nature","question":"Which of these bones is hardest to break?","correct_answer":"Femur","incorrect_answers":["Cranium","Humerus","Tibia"]},{"type":"multiple","difficulty":"easy","category":"Science &amp; Nature","question":"Which element has the highest melting point?","correct_answer":"Carbon","incorrect_answers":["Tungsten","Platinum","Osmium"]},{"type":"multiple","difficulty":"hard","category":"Science &amp; Nature","question":"Which major extinction event was caused by an asteroid collision and eliminated the majority of non-avian dinosaurs?","correct_answer":"Cretaceous-Paleogene","incorrect_answers":["Triassic&ndash;Jurassic","Permian&ndash;Triassic","Ordovician&ndash;Silurian"]},{"type":"multiple","difficulty":"hard","category":"Science &amp; Nature","question":"Which of the following elements is typically used in the doping of the semiconductor silicon?","correct_answer":"Boron","incorrect_answers":["Oxygen","Carbon","Iron"]},{"type":"multiple","difficulty":"medium","category":"Science &amp; Nature","question":"What is the colour of unoxidized blood?","correct_answer":"Red","incorrect_answers":["Blue","Purple","Green"]},{"type":"multiple","difficulty":"easy","category":"Science &amp; Nature","question":"What is the largest animal currently on Earth?","correct_answer":"Blue Whale","incorrect_answers":["Orca","Colossal Squid","Giraffe"]},{"type":"multiple","difficulty":"medium","category":"Science &amp; Nature","question":"What is the half-life of Uranium-235?","correct_answer":"703,800,000 years","incorrect_answers":["4,300,400,000 years","1,260,900,000 years","Uranium-235 is a stable isotope"]},{"type":"boolean","difficulty":"medium","category":"Science &amp; Nature","question":"Steel is an alloy of Iron and Carbon.","correct_answer":"True","incorrect_answers":["False"]},{"type":"boolean","difficulty":"medium","category":"Science &amp; Nature","question":"The Doppler effect applies to light.","correct_answer":"True","incorrect_answers":["False"]},{"type":"multiple","difficulty":"medium","category":"Science &amp; Nature","question":"What is the molecular formula of the active component of chili peppers(Capsaicin)?","correct_answer":"C18H27NO3","incorrect_answers":["C21H23NO3","C6H4Cl2","C13H25NO4"]},{"type":"multiple","difficulty":"medium","category":"Science &amp; Nature","question":"What part of the brain takes its name from the Greek for seahorse?","correct_answer":"Hippocampus","incorrect_answers":["Cerebellum","Thalamus","Amygdala"]},{"type":"boolean","difficulty":"medium","category":"Science &amp; Nature","question":"A defibrillator is used to start up a heartbeat once a heart has stopped beating.","correct_answer":"False","incorrect_answers":["True"]}]