[{"type":"multiple","difficulty":"medium","category":"Science: Computers","question":"What does the acronym CDN stand for in terms of networking?","correct_answer":"Content Delivery Network","incorrect_answers":["Content Distribution Network","Computational Data Network","Compressed Data Network"]},{"type":"multiple","difficulty":"medium","category":"Science: Computers","question":"In CSS, which of these values CANNOT be used with the &quot;position&quot; property?","correct_answer":"center","incorrect_answers":["static","absolute","relative"]},{"type":"multiple","difficulty":"easy","category":"Science: Computers","question":"The programming language &#039;Swift&#039; was created to replace what other programming language?","correct_answer":"Objective-C","incorrect_answers":["C#","Ruby","C++"]},{"type":"boolean","difficulty":"hard","category":"Science: Computers","question":"DHCP stands for Dynamic Host Configuration Port.","correct_answer":"False","incorrect_answers":["True"]},{"type":"multiple","difficulty":"easy","category":"Science: Computers","question":"How long is an IPv6 address?","correct_answer":"128 bits","incorrect_answers":["32 bits","64 bits","128 bytes"]},{"type":"multiple","difficulty":"easy","category":"Science: Computers","question":"What is the domain name for the country Tuvalu?","correct_answer":".tv","incorrect_answers":[".tu",".tt",".tl"]},{"type":"multiple","difficulty":"hard","category":"Science: Computers","question":"The Harvard architecture for micro-controllers added which additional bus?","correct_answer":"Instruction","incorrect_answers":["Address","Data","Control"]},{"type":"multiple","difficulty":"hard","category":"Science: Computers","question":"Lenovo acquired IBM&#039;s personal computer division, including the ThinkPad line of laptops and tablets, in what year?","correct_answer":"2005","incorrect_answers":["1999","2002","2008"]},{"type":"multiple","difficulty":"medium","category":"Science: Computers","question":"Which of these people was NOT a founder of Apple Inc?","correct_answer":"Jonathan Ive","incorrect_answers":["Steve Jobs","Ronald Wayne","Steve Wozniak"]},{"type":"multiple","difficulty":"medium","category":"Science: Computers","question":"What was the name given to Android 4.3?","correct_answer":"Jelly Bean","incorrect_answers":["Lollipop","Nutella","Froyo"]},{"type":"multiple","difficulty":"medium","category":"Science: Computers","question":"Whistler was the codename of this Microsoft Operating System.","correct_answer":"Windows XP","incorrect_answers":["Windows 2000","Windows 7","Windows 95"]},{"type":"boolean","difficulty":"easy","category":"Science: Computers","question":"The Windows ME operating system was released in the year 2000.","correct_answer":"True","incorrect_answers":["False"]},{"type":"multiple","difficulty":"hard","category":"Science: Computers","question":"According to DeMorgan&#039;s Theorem, the Boolean expression (AB)&#039; is equivalent to:","correct_answer":"A&#039; + B&#039;","incorrect_answers":["A&#039;B + B&#039;A","A&#039;B&#039;","AB&#039; + AB"]},{"type":"boolean","difficulty":"easy","category":"Science: Computers","question":"The programming language &quot;Python&quot; is based off a modified version of &quot;JavaScript&quot;.","correct_answer":"False","incorrect_answers":["True"]},{"type":"multiple","difficulty":"medium","category":"Science: Computers","question":"Which coding language was the #1 programming language in terms of usage on GitHub in 2015?","correct_answer":"JavaScript","incorrect_answers":["C#","Python","PHP"]},{"type":"multiple","difficulty":"medium","category":"Science: Computers","question":"What is the main CPU is the Sega Mega Drive / Sega Genesis?","correct_answer":"Motorola 68000","incorrect_answers":["Zilog Z80","Yamaha YM2612","Intel 8088"]},{"type":"multiple","difficulty":"hard","category":"Science: Computers","question":"Who invented the &quot;Spanning Tree Protocol&quot;?","correct_answer":"Radia Perlman","incorrect_answers":["Paul Vixie","Vint Cerf","Michael Roberts"]},{"type":"multiple","difficulty":"medium","category":"Science: Computers","question":".rs is the top-level domain for what country?","correct_answer":"Serbia","incorrect_answers":["Romania","Russia","Rwanda"]},{"type":"multiple","difficulty":"easy","category":"Science: Computers","question":"Which company was established on April 1st, 1976 by Steve Jobs, Steve Wozniak and Ronald Wayne?","correct_answer":"Apple","incorrect_answers":["Microsoft","Atari","Commodore"]},{"type":"boolean","difficulty":"medium","category":"Science: Computers","question":"Linus Sebastian is the creator of the Linux kernel, which went on to be used in Linux, Android, and Chrome OS.","correct_answer":"False","incorrect_answers":["True"]},{"type":"boolean","difficulty":"easy","category":"Science: Computers","question":"Linux was first created as an alternative to Windows XP.","correct_answer":"False","incorrect_answers":["True"]},{"type":"multiple","difficulty":"medium","category":"Science: Computers","question":"What is the name of the default theme that is installed with Windows XP?","correct_answer":"Luna","incorrect_answers":["Neptune","Whistler","Bliss"]},{"type":"multiple","difficulty":"easy","category":"Science: Computers","question":"What does CPU stand for?","correct_answer":"Central Processing Unit","incorrect_answers":["Central Process Unit","Computer Personal Unit","Central Processor Unit"]},{"type":"multiple","difficulty":"hard","category":"Science: Computers","question":"The acronym &quot;RIP&quot; stands for which of these?","correct_answer":"Routing Information Protocol","incorrect_answers":["Runtime Instance Processes","Regular Interval Processes","Routine Inspection Protocol"]},{"type":"multiple","difficulty":"medium","category":"Science: Computers","question":"What does the term MIME stand for, in regards to computing?","correct_answer":"Multipurpose Internet Mail Extensions","incorrect_answers":["Mail Internet Mail Exchange","Multipurpose Interleave Mail Exchange","Mail Interleave Method Exchange"]},{"type":"multiple","difficulty":"easy","category":"Science: Computers","question":"How many kilobytes in one gigabyte (in decimal)?","correct_answer":"1000000","incorrect_answers":["1024","1000","1048576"]},{"type":"multiple","difficulty":"medium","category":"Science: Computers","question":"Nvidia&#039;s headquarters are based in which Silicon Valley city?","correct_answer":"Santa Clara","incorrect_answers":["Palo Alto","Cupertino","Mountain View"]},{"type":"boolean","difficulty":"medium","category":"Science: Computers","question":"The common software-programming acronym &quot;I18N&quot; comes from the term &quot;Interlocalization&quot;.","correct_answer":"False","incorrect_answers":["True"]},{"type":"multiple","difficulty":"hard","category":"Science: Computers","question":"What type of sound chip does the Super Nintendo Entertainment System (SNES) have?","correct_answer":"ADPCM Sampler","incorrect_answers":["FM Synthesizer","Programmable Sound Generator (PSG)","PCM Sampler"]},{"type":"boolean","difficulty":"medium","category":"Science: Computers","question":"Android versions are named in alphabetical order.","correct_answer":"True","incorrect_answers":["False"]},{"type":"boolean","difficulty":"medium","category":"Science: Computers","question":"All program codes have to be compiled into an executable file in order to be run. This file can then be executed on any machine.","correct_answer":"False","incorrect_answers":["True"]},{"type":"multiple","difficulty":"medium","category":"Science: Computers","question":"Which internet company began life as an online bookstore called &#039;Cadabra&#039;?","correct_answer":"Amazon","incorrect_answers":["eBay","Overstock","Shopify"]},{"type":"boolean","difficulty":"hard","category":"Science: Computers","question":"The IBM PC used an Intel 8008 microprocessor clocked at 4.77 MHz and 8 kilobytes of memory.","correct_answer":"False","incorrect_answers":["True"]},{"type":"multiple","difficulty":"hard","category":"Science: Computers","question":"Who is the founder of Palantir?","correct_answer":"Peter Thiel","incorrect_answers":["Mark Zuckerberg","Marc Benioff","Jack Dorsey"]},{"type":"multiple","difficulty":"easy","category":"Science: Computers","question":"In computing, what does MIDI stand for?","correct_answer":"Musical Instrument Digital Interface","incorrect_answers":["Musical Interface of Digital Instruments","Modular Interface of Digital Instruments","Musical Instrument Data Interface"]},{"type":"multiple","difficulty":"medium","category":"Science: Computers","question":"What does the term GPU stand for?","correct_answer":"Graphics Processing Unit","incorrect_answers":["Gaming Processor Unit","Graphite Producing Unit","Graphical Proprietary Unit"]},{"type":"multiple","difficulty":"easy","category":"Science: Computers","question":"What does the Prt Sc button do?","correct_answer":"Captures what&#039;s on the screen and copies it to your clipboard","incorrect_answers":["Nothing","Saves a .png file of what&#039;s on the screen in your screenshots folder in photos","Closes all windows"]},{"type":"multiple","difficulty":"easy","category":"Science: Computers","question":"HTML is what type of language?","correct_answer":"Markup Language","incorrect_answers":["Macro Language","Programming Language","Scripting Language"]},{"type":"multiple","difficulty":"medium","category":"Science: Computers","question":"In programming, the ternary operator is mostly defined with what symbol(s)?","correct_answer":"?:","incorrect_answers":["??","if then","?"]},{"type":"multiple","difficulty":"hard","category":"Science: Computers","question":"What vulnerability ranked #1 on the OWASP Top 10 in 2013?","correct_answer":"Injection ","incorrect_answers":["Broken Authentication","Cross-Site Scripting","Insecure Direct Object References"]},{"type":"multiple","difficulty":"easy","category":"Science: Computers","question":"On Twitter, what was the original character limit for a Tweet?","correct_answer":"140","incorrect_answers":["120","160","100"]},{"type":"multiple","difficulty":"medium","category":"Science: Computers","question":"What did the name of the Tor Anonymity Network orignially stand for?","correct_answer":"The Onion Router","incorrect_answers":["The Only Router","The Orange Router","The Ominous Router"]},{"type":"multiple","difficulty":"medium","category":"Science: Computers","question":"How fast is USB 3.1 Gen 2 theoretically?","correct_answer":"10 Gb/s","incorrect_answers":["5 Gb/s","8 Gb/s","1 Gb/s"]},{"type":"multiple","difficulty":"hard","category":"Science: Computers","question":"Which of the following computer components can be built using only NAND gates?","correct_answer":"ALU","incorrect_answers":["CPU","RAM","Register"]},{"type":"multiple","difficulty":"easy","category":"Science: Computers","question":"When Gmail first launched, how much storage did it provide for your email?","correct_answer":"1GB","incorrect_answers":["512MB","5GB","Unlimited"]},{"type":"multiple","difficulty":"easy","category":"Science: Computers","question":"What is the code name for the mobile operating system Android 7.0?","correct_answer":"Nougat","incorrect_answers":["Ice Cream Sandwich","Jelly Bean","Marshmallow"]},{"type":"boolean","difficulty":"easy","category":"Science: Computers","question":"Pointers were not used in the original C programming language; they were added later on in C++.","correct_answer":"False","incorrect_answers":["True"]},{"type":"multiple","difficulty":"medium","category":"Science: Computers","question":"In programming, what do you call functions with the same name but different implementations?","correct_answer":"Overloading","incorrect_answers":["Overriding","Abstracting","Inheriting"]},{"type":"multiple","difficulty":"medium","category":"Science: Computers","question":"Which programming language was developed by Sun Microsystems in 1995?","correct_answer":"Java","incorrect_answers":["Python","Solaris OS","C++"]},{"type":"multiple","difficulty":"hard","category":"Science: Computers","question":"America Online (AOL) started out as which of these online service providers?","correct_answer":"Quantum Link","incorrect_answers":["CompuServe","Prodigy","GEnie"]}]