[{"type":"multiple","difficulty":"medium","category":"Sports","question":"How many French Open&#039;s did Bj&ouml;rn Borg win?","correct_answer":"6","incorrect_answers":["4","9","2"]},{"type":"multiple","difficulty":"medium","category":"Sports","question":"Who won the 2011 Stanley Cup?","correct_answer":"Boston Bruins","incorrect_answers":["Montreal Canadiens","New York Rangers","Toronto Maple Leafs"]},{"type":"multiple","difficulty":"easy","category":"Sports","question":"Which team has won the most Stanley Cups in the NHL?","correct_answer":"Montreal Canadians","incorrect_answers":["Chicago Blackhawks","Toronto Maple Leafs","Detroit Red Wings"]},{"type":"multiple","difficulty":"medium","category":"Sports","question":"Which sport is NOT traditionally played during the Mongolian Naadam festival?","correct_answer":"American Football","incorrect_answers":["Wrestling","Archery","Horse-Racing"]},{"type":"multiple","difficulty":"easy","category":"Sports","question":"What was the final score of the Germany vs. Brazil 2014 FIFA World Cup match?","correct_answer":"7 - 1","incorrect_answers":["0 - 1","3 - 4","16 - 0"]},{"type":"multiple","difficulty":"medium","category":"Sports","question":"Which NBA player won Most Valuable Player for the 1999-2000 season?","correct_answer":"Shaquille O&#039;Neal","incorrect_answers":["Allen Iverson","Kobe Bryant","Paul Pierce"]},{"type":"multiple","difficulty":"medium","category":"Sports","question":"Which of the following Grand Slam tennis tournaments occurs LAST?","correct_answer":"US Open","incorrect_answers":["French Open","Wimbledon","Australian Open"]},{"type":"multiple","difficulty":"easy","category":"Sports","question":"In baseball, how many fouls are an out?","correct_answer":"0","incorrect_answers":["5","3","2"]},{"type":"multiple","difficulty":"easy","category":"Sports","question":"The Rio 2016 Summer Olympics held it&#039;s closing ceremony on what date?","correct_answer":"August 21","incorrect_answers":["August 23","August 19","August 17"]},{"type":"multiple","difficulty":"hard","category":"Sports","question":"Which female player won the gold medal of table tennis singles in 2016 Olympics Games?","correct_answer":"DING Ning (China)","incorrect_answers":["LI Xiaoxia (China)","Ai FUKUHARA (Japan)","Song KIM (North Korea)"]},{"type":"multiple","difficulty":"medium","category":"Sports","question":"Which of these countries&#039; national teams qualified for the 2018 FIFA World Cup in Russia?","correct_answer":"Tunisia","incorrect_answers":["United States of America","Italy","Netherlands"]},{"type":"multiple","difficulty":"medium","category":"Sports","question":"What country hosted the 2014 Winter Olympics?","correct_answer":"Russia","incorrect_answers":["Canada","United States","Germany"]},{"type":"multiple","difficulty":"medium","category":"Sports","question":"Which nation hosted the FIFA World Cup in 2006?","correct_answer":"Germany","incorrect_answers":["United Kingdom","Brazil","South Africa"]},{"type":"multiple","difficulty":"easy","category":"Sports","question":"What team won the 2016 MLS Cup?","correct_answer":"Seattle Sounders","incorrect_answers":["Colorado Rapids","Toronto FC","Montreal Impact"]},{"type":"multiple","difficulty":"easy","category":"Sports","question":"In the 2014 FIFA World Cup, what was the final score in the match Brazil - Germany?","correct_answer":"1-7","incorrect_answers":["1-5","1-6","2-6"]},{"type":"multiple","difficulty":"easy","category":"Sports","question":"Who won the 2016 Formula 1 World Driver&#039;s Championship?","correct_answer":"Nico Rosberg","incorrect_answers":["Lewis Hamilton","Max Verstappen","Kimi Raikkonen"]},{"type":"multiple","difficulty":"medium","category":"Sports","question":"The F1 season of 1994 is remembered for what tragic event?","correct_answer":"Death of Ayrton Senna (San Marino)","incorrect_answers":["The Showdown (Australia)","Verstappen on Fire (Germany)","Schumacher&#039;s Ban (Britain)"]},{"type":"multiple","difficulty":"medium","category":"Sports","question":"How many games did Arsenal FC go unbeaten during the 2003-2004 season of the English Premier League","correct_answer":"38","incorrect_answers":["51","49","22"]},{"type":"boolean","difficulty":"medium","category":"Sports","question":"The Olympics tennis court is a giant green screen.","correct_answer":"True","incorrect_answers":["False"]},{"type":"multiple","difficulty":"medium","category":"Sports","question":"In what sport does Fanny Chmelar compete for Germany?","correct_answer":"Skiing","incorrect_answers":["Swimming","Showjumping","Gymnastics"]},{"type":"boolean","difficulty":"easy","category":"Sports","question":"In Rugby League, performing a &quot;40-20&quot; is punished by a free kick for the opposing team.","correct_answer":"False","incorrect_answers":["True"]},{"type":"boolean","difficulty":"medium","category":"Sports","question":"Wilt Chamberlain scored his infamous 100-point-game against the New York Knicks in 1962.","correct_answer":"True","incorrect_answers":["False"]},{"type":"multiple","difficulty":"easy","category":"Sports","question":"&quot;Stadium of Light&quot; is the home stadium for which soccer team?","correct_answer":"Sunderland FC","incorrect_answers":["Barcelona FC","Paris Saints-Germain","Manchester United"]},{"type":"multiple","difficulty":"easy","category":"Sports","question":"Which English football club has the nickname &#039;The Foxes&#039;?","correct_answer":"Leicester City","incorrect_answers":["Northampton Town","Bradford City","West Bromwich Albion"]},{"type":"multiple","difficulty":"medium","category":"Sports","question":"With which team did Michael Schumacher make his Formula One debut at the 1991 Belgian Grand Prix?","correct_answer":"Jordan","incorrect_answers":["Benetton","Ferrari","Mercedes"]},{"type":"multiple","difficulty":"hard","category":"Sports","question":"Which year was the third Super Bowl held?","correct_answer":"1969","incorrect_answers":["1968","1971","1970"]},{"type":"multiple","difficulty":"easy","category":"Sports","question":"Which team won 2014 FIFA World Cup in Brazil?","correct_answer":"Germany","incorrect_answers":["Argentina","Brazil","Netherlands"]},{"type":"multiple","difficulty":"easy","category":"Sports","question":"When was the FC Schalke 04 founded?","correct_answer":"1904","incorrect_answers":["1909","2008","1999"]},{"type":"multiple","difficulty":"hard","category":"Sports","question":"Which of these Russian cities did NOT contain a stadium that was used in the 2018 FIFA World Cup?","correct_answer":"Vladivostok","incorrect_answers":["Rostov-on-Don","Yekaterinburg","Kaliningrad"]},{"type":"multiple","difficulty":"medium","category":"Sports","question":"Which of the following pitchers was named National League Rookie of the Year for the 2013 season?","correct_answer":"Jose Fernandez","incorrect_answers":["Jacob deGrom","Shelby Miller","Matt Harvey"]},{"type":"multiple","difficulty":"hard","category":"Sports","question":"Where was the Games of the XXII Olympiad held?","correct_answer":"Moscow","incorrect_answers":["Barcelona","Tokyo","Los Angeles"]},{"type":"multiple","difficulty":"easy","category":"Sports","question":"In bowling, what is the term used for getting three consecutive strikes?","correct_answer":"Turkey","incorrect_answers":["Flamingo","Birdie","Eagle"]},{"type":"multiple","difficulty":"medium","category":"Sports","question":"What is the name of the AHL affiliate of the Toronto Maple Leafs?","correct_answer":"Toronto Marlies","incorrect_answers":["Toronto Rock","Toronto Argonauts","Toronto Wolfpack"]},{"type":"multiple","difficulty":"medium","category":"Sports","question":"Which portuguese island is soccer player Cristiano Ronaldo from?","correct_answer":"Madeira","incorrect_answers":["Terceira","Santa Maria","Porto Santo"]},{"type":"multiple","difficulty":"medium","category":"Sports","question":"Which soccer team won the Copa Am&eacute;rica 2015 Championship ?","correct_answer":"Chile","incorrect_answers":["Argentina","Brazil","Paraguay"]},{"type":"multiple","difficulty":"easy","category":"Sports","question":"What team did England beat to win in the 1966 World Cup final?","correct_answer":"West Germany","incorrect_answers":["Soviet Union","Portugal","Brazil"]},{"type":"multiple","difficulty":"hard","category":"Sports","question":"The Mazda 787B won the 24 Hours of Le Mans in what year?","correct_answer":"1991","incorrect_answers":["1990","2000","1987"]},{"type":"multiple","difficulty":"hard","category":"Sports","question":"Who is Manchester United&#039;s leading appearance maker?","correct_answer":"Ryan Giggs","incorrect_answers":["David Beckham","Wayne Rooney","Eric Cantona"]},{"type":"multiple","difficulty":"easy","category":"Sports","question":"When was the first official international game played?","correct_answer":"1872","incorrect_answers":["1880","1863","1865"]},{"type":"multiple","difficulty":"easy","category":"Sports","question":"Which country hosted the 2022 FIFA World Cup?","correct_answer":"Qatar","incorrect_answers":["USA","Japan","Switzerland"]},{"type":"boolean","difficulty":"easy","category":"Sports","question":"There are a total of 20 races in Formula One 2016 season.","correct_answer":"False","incorrect_answers":["True"]},{"type":"multiple","difficulty":"medium","category":"Sports","question":"Which team was the 2015-2016 NBA Champions?","correct_answer":"Cleveland Cavaliers","incorrect_answers":["Golden State Warriors","Toronto Raptors","Oklahoma City Thunders"]},{"type":"boolean","difficulty":"medium","category":"Sports","question":"During Wimbledon, spectators in the grounds can buy the tennis balls that have been used in matches.","correct_answer":"True","incorrect_answers":["False"]},{"type":"multiple","difficulty":"medium","category":"Sports","question":"Which basketball team has attended the most NBA grand finals?","correct_answer":"Los Angeles Lakers","incorrect_answers":["Boston Celtics","Philadelphia 76ers","Golden State Warriors"]},{"type":"multiple","difficulty":"hard","category":"Sports","question":"Which car company is the only Japanese company which won the 24 Hours of Le Mans?","correct_answer":"Mazda","incorrect_answers":["Toyota","Subaru","Nissan"]},{"type":"multiple","difficulty":"easy","category":"Sports","question":"What is the name of Manchester United&#039;s home stadium?","correct_answer":"Old Trafford","incorrect_answers":["Anfield","City of Manchester Stadium","St James Park"]},{"type":"multiple","difficulty":"easy","category":"Sports","question":"Who is often called &quot;the Maestro&quot; in the men&#039;s tennis circuit?","correct_answer":"Roger Federer","incorrect_answers":["Bill Tilden","Boris Becker","Pete Sampras"]},{"type":"multiple","difficulty":"medium","category":"Sports","question":"In a game of snooker, what colour ball is worth 3 points?","correct_answer":"Green","incorrect_answers":["Yellow","Brown","Blue"]},{"type":"multiple","difficulty":"medium","category":"Sports","question":"Which Formula One driver was nicknamed &#039;The Professor&#039;?","correct_answer":"Alain Prost","incorrect_answers":["Ayrton Senna","Niki Lauda","Emerson Fittipaldi"]},{"type":"multiple","difficulty":"hard","category":"Sports","question":"Which player &quot;kung-fu kicked&quot; a Crystal Palace fan in January 1995?","correct_answer":"Eric Cantona","incorrect_answers":["David Seamen","Ashley Cole","Mark Hughes"]}]